invoice_number,vendor,charge_type,amount,detected_variance,can_send_dispute,true_class,actual_leakage,is_actionable,gate_reason
INV-BLIND-10001,ONE (Ocean Network Express),OCEAN_FREIGHT,3250.0,0.0,False,CLEAN_MATCH,0.0,False,Immaterial variance ($0.00 < $50.00 threshold). Suppressed to avoid vendor friction.
INV-BLIND-10002,Maersk Line,OCEAN_FREIGHT,3200.0,0.0,False,CLEAN_MATCH,0.0,False,Immaterial variance ($0.00 < $50.00 threshold). Suppressed to avoid vendor friction.
INV-BLIND-10003,DP World Logistics,OCEAN_FREIGHT,3180.0,0.0,False,CLEAN_MATCH,0.0,False,Immaterial variance ($0.00 < $50.00 threshold). Suppressed to avoid vendor friction.
INV-BLIND-10004,DP World Logistics,OCEAN_FREIGHT,3180.0,2250.0,False,CLEAN_MATCH,0.0,False,Incomplete cross-document evidence: Secondary document verification missing.
INV-BLIND-10005,CMA CGM,OCEAN_FREIGHT,3150.0,1070.0,False,CLEAN_MATCH,0.0,False,Incomplete cross-document evidence: Secondary document verification missing.
INV-BLIND-10006,ONE (Ocean Network Express),OCEAN_FREIGHT,3250.0,0.0,False,CLEAN_MATCH,0.0,False,Immaterial variance ($0.00 < $50.00 threshold). Suppressed to avoid vendor friction.
INV-BLIND-10007,Hapag-Lloyd,OCEAN_FREIGHT,3300.0,0.0,False,CLEAN_MATCH,0.0,False,Immaterial variance ($0.00 < $50.00 threshold). Suppressed to avoid vendor friction.
INV-BLIND-10008,ONE (Ocean Network Express),OCEAN_FREIGHT,3250.0,0.0,False,CLEAN_MATCH,0.0,False,Immaterial variance ($0.00 < $50.00 threshold). Suppressed to avoid vendor friction.
INV-BLIND-10009,ONE (Ocean Network Express),OCEAN_FREIGHT,3250.0,0.0,False,CLEAN_MATCH,0.0,False,Immaterial variance ($0.00 < $50.00 threshold). Suppressed to avoid vendor friction.
INV-BLIND-10010,Maersk Line,OCEAN_FREIGHT,3200.0,0.0,False,CLEAN_MATCH,0.0,False,Immaterial variance ($0.00 < $50.00 threshold). Suppressed to avoid vendor friction.
INV-BLIND-10011,ONE (Ocean Network Express),OCEAN_FREIGHT,3250.0,0.0,False,CLEAN_MATCH,0.0,False,Immaterial variance ($0.00 < $50.00 threshold). Suppressed to avoid vendor friction.
INV-BLIND-10012,MSC Mediterranean Shipping,OCEAN_FREIGHT,3100.0,0.0,False,CLEAN_MATCH,0.0,False,Immaterial variance ($0.00 < $50.00 threshold). Suppressed to avoid vendor friction.
INV-BLIND-10013,DP World Logistics,OCEAN_FREIGHT,3180.0,360.0,False,CLEAN_MATCH,0.0,False,Incomplete cross-document evidence: Secondary document verification missing.
INV-BLIND-10014,Evergreen Marine,OCEAN_FREIGHT,3050.0,0.0,False,CLEAN_MATCH,0.0,False,Immaterial variance ($0.00 < $50.00 threshold). Suppressed to avoid vendor friction.
INV-BLIND-10015,Hapag-Lloyd,OCEAN_FREIGHT,3300.0,2320.0,False,CLEAN_MATCH,0.0,False,Incomplete cross-document evidence: Secondary document verification missing.
INV-BLIND-10016,ONE (Ocean Network Express),OCEAN_FREIGHT,3250.0,0.0,False,CLEAN_MATCH,0.0,False,Immaterial variance ($0.00 < $50.00 threshold). Suppressed to avoid vendor friction.
INV-BLIND-10017,ONE (Ocean Network Express),OCEAN_FREIGHT,3250.0,0.0,False,CLEAN_MATCH,0.0,False,Immaterial variance ($0.00 < $50.00 threshold). Suppressed to avoid vendor friction.
INV-BLIND-10018,CMA CGM,OCEAN_FREIGHT,3150.0,350.0,False,CLEAN_MATCH,0.0,False,Incomplete cross-document evidence: Secondary document verification missing.
INV-BLIND-10019,Hapag-Lloyd,OCEAN_FREIGHT,3300.0,400.0,False,CLEAN_MATCH,0.0,False,Incomplete cross-document evidence: Secondary document verification missing.
INV-BLIND-10020,MSC Mediterranean Shipping,OCEAN_FREIGHT,3100.0,0.0,False,CLEAN_MATCH,0.0,False,Immaterial variance ($0.00 < $50.00 threshold). Suppressed to avoid vendor friction.
INV-BLIND-10021,ONE (Ocean Network Express),OCEAN_FREIGHT,3250.0,0.0,False,CLEAN_MATCH,0.0,False,Immaterial variance ($0.00 < $50.00 threshold). Suppressed to avoid vendor friction.
INV-BLIND-10022,MSC Mediterranean Shipping,OCEAN_FREIGHT,3100.0,1050.0,False,CLEAN_MATCH,0.0,False,Incomplete cross-document evidence: Secondary document verification missing.
INV-BLIND-10023,ONE (Ocean Network Express),OCEAN_FREIGHT,3250.0,0.0,False,CLEAN_MATCH,0.0,False,Immaterial variance ($0.00 < $50.00 threshold). Suppressed to avoid vendor friction.
INV-BLIND-10024,Hapag-Lloyd,OCEAN_FREIGHT,3300.0,1150.0,False,CLEAN_MATCH,0.0,False,Incomplete cross-document evidence: Secondary document verification missing.
INV-BLIND-10025,Maersk Line,OCEAN_FREIGHT,3200.0,0.0,False,CLEAN_MATCH,0.0,False,Immaterial variance ($0.00 < $50.00 threshold). Suppressed to avoid vendor friction.
INV-BLIND-10026,DP World Logistics,OCEAN_FREIGHT,3180.0,2250.0,False,CLEAN_MATCH,0.0,False,Incomplete cross-document evidence: Secondary document verification missing.
INV-BLIND-10027,Evergreen Marine,OCEAN_FREIGHT,3050.0,0.0,False,CLEAN_MATCH,0.0,False,Immaterial variance ($0.00 < $50.00 threshold). Suppressed to avoid vendor friction.
INV-BLIND-10028,Hapag-Lloyd,OCEAN_FREIGHT,3300.0,1150.0,False,CLEAN_MATCH,0.0,False,Incomplete cross-document evidence: Secondary document verification missing.
INV-BLIND-10029,Evergreen Marine,OCEAN_FREIGHT,3050.0,0.0,False,CLEAN_MATCH,0.0,False,Immaterial variance ($0.00 < $50.00 threshold). Suppressed to avoid vendor friction.
INV-BLIND-10030,CMA CGM,OCEAN_FREIGHT,3150.0,2230.0,False,CLEAN_MATCH,0.0,False,Incomplete cross-document evidence: Secondary document verification missing.
INV-BLIND-10031,Maersk Line,OCEAN_FREIGHT,3200.0,0.0,False,CLEAN_MATCH,0.0,False,Immaterial variance ($0.00 < $50.00 threshold). Suppressed to avoid vendor friction.
INV-BLIND-10032,Maersk Line,OCEAN_FREIGHT,3200.0,1100.0,False,CLEAN_MATCH,0.0,False,Incomplete cross-document evidence: Secondary document verification missing.
INV-BLIND-10033,Maersk Line,OCEAN_FREIGHT,3200.0,0.0,False,CLEAN_MATCH,0.0,False,Immaterial variance ($0.00 < $50.00 threshold). Suppressed to avoid vendor friction.
INV-BLIND-10034,ONE (Ocean Network Express),OCEAN_FREIGHT,3250.0,0.0,False,CLEAN_MATCH,0.0,False,Immaterial variance ($0.00 < $50.00 threshold). Suppressed to avoid vendor friction.
INV-BLIND-10035,MSC Mediterranean Shipping,OCEAN_FREIGHT,3100.0,2200.0,False,CLEAN_MATCH,0.0,False,Incomplete cross-document evidence: Secondary document verification missing.
INV-BLIND-10036,ONE (Ocean Network Express),OCEAN_FREIGHT,3250.0,0.0,False,CLEAN_MATCH,0.0,False,Immaterial variance ($0.00 < $50.00 threshold). Suppressed to avoid vendor friction.
INV-BLIND-10037,ONE (Ocean Network Express),OCEAN_FREIGHT,3250.0,0.0,False,CLEAN_MATCH,0.0,False,Immaterial variance ($0.00 < $50.00 threshold). Suppressed to avoid vendor friction.
INV-BLIND-10038,Hapag-Lloyd,OCEAN_FREIGHT,3300.0,400.0,False,CLEAN_MATCH,0.0,False,Incomplete cross-document evidence: Secondary document verification missing.
INV-BLIND-10039,ONE (Ocean Network Express),OCEAN_FREIGHT,3250.0,0.0,False,CLEAN_MATCH,0.0,False,Immaterial variance ($0.00 < $50.00 threshold). Suppressed to avoid vendor friction.
INV-BLIND-10040,CMA CGM,OCEAN_FREIGHT,3150.0,0.0,False,CLEAN_MATCH,0.0,False,Immaterial variance ($0.00 < $50.00 threshold). Suppressed to avoid vendor friction.
INV-BLIND-10041,Maersk Line,OCEAN_FREIGHT,3200.0,2250.0,False,CLEAN_MATCH,0.0,False,Incomplete cross-document evidence: Secondary document verification missing.
INV-BLIND-10042,DP World Logistics,OCEAN_FREIGHT,3180.0,0.0,False,CLEAN_MATCH,0.0,False,Immaterial variance ($0.00 < $50.00 threshold). Suppressed to avoid vendor friction.
INV-BLIND-10043,ONE (Ocean Network Express),OCEAN_FREIGHT,3250.0,0.0,False,CLEAN_MATCH,0.0,False,Immaterial variance ($0.00 < $50.00 threshold). Suppressed to avoid vendor friction.
INV-BLIND-10044,MSC Mediterranean Shipping,OCEAN_FREIGHT,3100.0,1050.0,False,CLEAN_MATCH,0.0,False,Incomplete cross-document evidence: Secondary document verification missing.
INV-BLIND-10045,Maersk Line,OCEAN_FREIGHT,3200.0,0.0,False,CLEAN_MATCH,0.0,False,Immaterial variance ($0.00 < $50.00 threshold). Suppressed to avoid vendor friction.
INV-BLIND-10046,Maersk Line,OCEAN_FREIGHT,3200.0,1100.0,False,CLEAN_MATCH,0.0,False,Incomplete cross-document evidence: Secondary document verification missing.
INV-BLIND-10047,Maersk Line,OCEAN_FREIGHT,3200.0,0.0,False,CLEAN_MATCH,0.0,False,Immaterial variance ($0.00 < $50.00 threshold). Suppressed to avoid vendor friction.
INV-BLIND-10048,Evergreen Marine,OCEAN_FREIGHT,3050.0,0.0,False,CLEAN_MATCH,0.0,False,Immaterial variance ($0.00 < $50.00 threshold). Suppressed to avoid vendor friction.
INV-BLIND-10049,MSC Mediterranean Shipping,OCEAN_FREIGHT,3100.0,1050.0,False,CLEAN_MATCH,0.0,False,Incomplete cross-document evidence: Secondary document verification missing.
INV-BLIND-10050,CMA CGM,OCEAN_FREIGHT,3150.0,0.0,False,CLEAN_MATCH,0.0,False,Immaterial variance ($0.00 < $50.00 threshold). Suppressed to avoid vendor friction.
INV-BLIND-10051,Hapag-Lloyd,OCEAN_FREIGHT,3300.0,0.0,False,CLEAN_MATCH,0.0,False,Immaterial variance ($0.00 < $50.00 threshold). Suppressed to avoid vendor friction.
INV-BLIND-10052,CMA CGM,OCEAN_FREIGHT,3150.0,350.0,False,CLEAN_MATCH,0.0,False,Incomplete cross-document evidence: Secondary document verification missing.
INV-BLIND-10053,ONE (Ocean Network Express),OCEAN_FREIGHT,3250.0,0.0,False,CLEAN_MATCH,0.0,False,Immaterial variance ($0.00 < $50.00 threshold). Suppressed to avoid vendor friction.
INV-BLIND-10054,CMA CGM,OCEAN_FREIGHT,3150.0,0.0,False,CLEAN_MATCH,0.0,False,Immaterial variance ($0.00 < $50.00 threshold). Suppressed to avoid vendor friction.
INV-BLIND-10055,Maersk Line,OCEAN_FREIGHT,3200.0,0.0,False,CLEAN_MATCH,0.0,False,Immaterial variance ($0.00 < $50.00 threshold). Suppressed to avoid vendor friction.
INV-BLIND-10056,CMA CGM,OCEAN_FREIGHT,3150.0,0.0,False,CLEAN_MATCH,0.0,False,Immaterial variance ($0.00 < $50.00 threshold). Suppressed to avoid vendor friction.
INV-BLIND-10057,Maersk Line,OCEAN_FREIGHT,3200.0,0.0,False,CLEAN_MATCH,0.0,False,Immaterial variance ($0.00 < $50.00 threshold). Suppressed to avoid vendor friction.
INV-BLIND-10058,Evergreen Marine,OCEAN_FREIGHT,3050.0,0.0,False,CLEAN_MATCH,0.0,False,Immaterial variance ($0.00 < $50.00 threshold). Suppressed to avoid vendor friction.
INV-BLIND-10059,Hapag-Lloyd,OCEAN_FREIGHT,3300.0,2320.0,False,CLEAN_MATCH,0.0,False,Incomplete cross-document evidence: Secondary document verification missing.
INV-BLIND-10060,DP World Logistics,OCEAN_FREIGHT,3180.0,0.0,False,CLEAN_MATCH,0.0,False,Immaterial variance ($0.00 < $50.00 threshold). Suppressed to avoid vendor friction.
INV-BLIND-10061,ONE (Ocean Network Express),OCEAN_FREIGHT,3250.0,0.0,False,CLEAN_MATCH,0.0,False,Immaterial variance ($0.00 < $50.00 threshold). Suppressed to avoid vendor friction.
INV-BLIND-10062,CMA CGM,OCEAN_FREIGHT,3150.0,350.0,False,CLEAN_MATCH,0.0,False,Incomplete cross-document evidence: Secondary document verification missing.
INV-BLIND-10063,DP World Logistics,OCEAN_FREIGHT,3180.0,0.0,False,CLEAN_MATCH,0.0,False,Immaterial variance ($0.00 < $50.00 threshold). Suppressed to avoid vendor friction.
INV-BLIND-10064,CMA CGM,OCEAN_FREIGHT,3150.0,350.0,False,CLEAN_MATCH,0.0,False,Incomplete cross-document evidence: Secondary document verification missing.
INV-BLIND-10065,Maersk Line,OCEAN_FREIGHT,3200.0,2250.0,False,CLEAN_MATCH,0.0,False,Incomplete cross-document evidence: Secondary document verification missing.
INV-BLIND-10066,ONE (Ocean Network Express),OCEAN_FREIGHT,3250.0,0.0,False,CLEAN_MATCH,0.0,False,Immaterial variance ($0.00 < $50.00 threshold). Suppressed to avoid vendor friction.
INV-BLIND-10067,Maersk Line,OCEAN_FREIGHT,3200.0,0.0,False,CLEAN_MATCH,0.0,False,Immaterial variance ($0.00 < $50.00 threshold). Suppressed to avoid vendor friction.
INV-BLIND-10068,Maersk Line,OCEAN_FREIGHT,3200.0,0.0,False,CLEAN_MATCH,0.0,False,Immaterial variance ($0.00 < $50.00 threshold). Suppressed to avoid vendor friction.
INV-BLIND-10069,ONE (Ocean Network Express),OCEAN_FREIGHT,3250.0,0.0,False,CLEAN_MATCH,0.0,False,Immaterial variance ($0.00 < $50.00 threshold). Suppressed to avoid vendor friction.
INV-BLIND-10070,ONE (Ocean Network Express),OCEAN_FREIGHT,3250.0,0.0,False,CLEAN_MATCH,0.0,False,Immaterial variance ($0.00 < $50.00 threshold). Suppressed to avoid vendor friction.
INV-BLIND-10071,Maersk Line,OCEAN_FREIGHT,3200.0,0.0,False,CLEAN_MATCH,0.0,False,Immaterial variance ($0.00 < $50.00 threshold). Suppressed to avoid vendor friction.
INV-BLIND-10072,CMA CGM,OCEAN_FREIGHT,3150.0,0.0,False,CLEAN_MATCH,0.0,False,Immaterial variance ($0.00 < $50.00 threshold). Suppressed to avoid vendor friction.
INV-BLIND-10073,MSC Mediterranean Shipping,OCEAN_FREIGHT,3100.0,2200.0,False,CLEAN_MATCH,0.0,False,Incomplete cross-document evidence: Secondary document verification missing.
INV-BLIND-10074,ONE (Ocean Network Express),OCEAN_FREIGHT,3250.0,0.0,False,CLEAN_MATCH,0.0,False,Immaterial variance ($0.00 < $50.00 threshold). Suppressed to avoid vendor friction.
INV-BLIND-10075,CMA CGM,OCEAN_FREIGHT,3150.0,1070.0,False,CLEAN_MATCH,0.0,False,Incomplete cross-document evidence: Secondary document verification missing.
INV-BLIND-10076,CMA CGM,OCEAN_FREIGHT,3150.0,0.0,False,CLEAN_MATCH,0.0,False,Immaterial variance ($0.00 < $50.00 threshold). Suppressed to avoid vendor friction.
INV-BLIND-10077,Maersk Line,OCEAN_FREIGHT,3200.0,0.0,False,CLEAN_MATCH,0.0,False,Immaterial variance ($0.00 < $50.00 threshold). Suppressed to avoid vendor friction.
INV-BLIND-10078,Hapag-Lloyd,OCEAN_FREIGHT,3300.0,0.0,False,CLEAN_MATCH,0.0,False,Immaterial variance ($0.00 < $50.00 threshold). Suppressed to avoid vendor friction.
INV-BLIND-10079,DP World Logistics,OCEAN_FREIGHT,3180.0,360.0,False,CLEAN_MATCH,0.0,False,Incomplete cross-document evidence: Secondary document verification missing.
INV-BLIND-10080,ONE (Ocean Network Express),OCEAN_FREIGHT,3250.0,0.0,False,CLEAN_MATCH,0.0,False,Immaterial variance ($0.00 < $50.00 threshold). Suppressed to avoid vendor friction.
INV-BLIND-10081,CMA CGM,OCEAN_FREIGHT,3150.0,350.0,False,CLEAN_MATCH,0.0,False,Incomplete cross-document evidence: Secondary document verification missing.
INV-BLIND-10082,MSC Mediterranean Shipping,OCEAN_FREIGHT,3100.0,0.0,False,CLEAN_MATCH,0.0,False,Immaterial variance ($0.00 < $50.00 threshold). Suppressed to avoid vendor friction.
INV-BLIND-10083,CMA CGM,OCEAN_FREIGHT,3150.0,0.0,False,CLEAN_MATCH,0.0,False,Immaterial variance ($0.00 < $50.00 threshold). Suppressed to avoid vendor friction.
INV-BLIND-10084,Hapag-Lloyd,OCEAN_FREIGHT,3300.0,0.0,False,CLEAN_MATCH,0.0,False,Immaterial variance ($0.00 < $50.00 threshold). Suppressed to avoid vendor friction.
INV-BLIND-10085,DP World Logistics,OCEAN_FREIGHT,3180.0,0.0,False,CLEAN_MATCH,0.0,False,Immaterial variance ($0.00 < $50.00 threshold). Suppressed to avoid vendor friction.
INV-BLIND-10086,MSC Mediterranean Shipping,OCEAN_FREIGHT,3100.0,0.0,False,CLEAN_MATCH,0.0,False,Immaterial variance ($0.00 < $50.00 threshold). Suppressed to avoid vendor friction.
INV-BLIND-10087,Maersk Line,OCEAN_FREIGHT,3200.0,0.0,False,CLEAN_MATCH,0.0,False,Immaterial variance ($0.00 < $50.00 threshold). Suppressed to avoid vendor friction.
INV-BLIND-10088,CMA CGM,OCEAN_FREIGHT,3150.0,0.0,False,CLEAN_MATCH,0.0,False,Immaterial variance ($0.00 < $50.00 threshold). Suppressed to avoid vendor friction.
INV-BLIND-10089,ONE (Ocean Network Express),OCEAN_FREIGHT,3250.0,0.0,False,CLEAN_MATCH,0.0,False,Immaterial variance ($0.00 < $50.00 threshold). Suppressed to avoid vendor friction.
INV-BLIND-10090,CMA CGM,OCEAN_FREIGHT,3150.0,2230.0,False,CLEAN_MATCH,0.0,False,Incomplete cross-document evidence: Secondary document verification missing.
INV-BLIND-10091,CMA CGM,OCEAN_FREIGHT,3150.0,0.0,False,CLEAN_MATCH,0.0,False,Immaterial variance ($0.00 < $50.00 threshold). Suppressed to avoid vendor friction.
INV-BLIND-10092,Hapag-Lloyd,OCEAN_FREIGHT,3300.0,0.0,False,CLEAN_MATCH,0.0,False,Immaterial variance ($0.00 < $50.00 threshold). Suppressed to avoid vendor friction.
INV-BLIND-10093,DP World Logistics,OCEAN_FREIGHT,3180.0,1090.0,False,CLEAN_MATCH,0.0,False,Incomplete cross-document evidence: Secondary document verification missing.
INV-BLIND-10094,Hapag-Lloyd,OCEAN_FREIGHT,3300.0,400.0,False,CLEAN_MATCH,0.0,False,Incomplete cross-document evidence: Secondary document verification missing.
INV-BLIND-10095,ONE (Ocean Network Express),OCEAN_FREIGHT,3250.0,0.0,False,CLEAN_MATCH,0.0,False,Immaterial variance ($0.00 < $50.00 threshold). Suppressed to avoid vendor friction.
INV-BLIND-10096,CMA CGM,OCEAN_FREIGHT,3150.0,0.0,False,CLEAN_MATCH,0.0,False,Immaterial variance ($0.00 < $50.00 threshold). Suppressed to avoid vendor friction.
INV-BLIND-10097,Hapag-Lloyd,OCEAN_FREIGHT,3300.0,1150.0,False,CLEAN_MATCH,0.0,False,Incomplete cross-document evidence: Secondary document verification missing.
INV-BLIND-10098,Maersk Line,OCEAN_FREIGHT,3200.0,0.0,False,CLEAN_MATCH,0.0,False,Immaterial variance ($0.00 < $50.00 threshold). Suppressed to avoid vendor friction.
INV-BLIND-10099,Evergreen Marine,OCEAN_FREIGHT,3050.0,0.0,False,CLEAN_MATCH,0.0,False,Immaterial variance ($0.00 < $50.00 threshold). Suppressed to avoid vendor friction.
INV-BLIND-10100,Evergreen Marine,OCEAN_FREIGHT,3050.0,0.0,False,CLEAN_MATCH,0.0,False,Immaterial variance ($0.00 < $50.00 threshold). Suppressed to avoid vendor friction.
INV-BLIND-10101,ONE (Ocean Network Express),OCEAN_FREIGHT,3250.0,0.0,False,CLEAN_MATCH,0.0,False,Immaterial variance ($0.00 < $50.00 threshold). Suppressed to avoid vendor friction.
INV-BLIND-10102,Maersk Line,OCEAN_FREIGHT,3200.0,0.0,False,CLEAN_MATCH,0.0,False,Immaterial variance ($0.00 < $50.00 threshold). Suppressed to avoid vendor friction.
INV-BLIND-10103,Hapag-Lloyd,OCEAN_FREIGHT,3300.0,0.0,False,CLEAN_MATCH,0.0,False,Immaterial variance ($0.00 < $50.00 threshold). Suppressed to avoid vendor friction.
INV-BLIND-10104,Hapag-Lloyd,OCEAN_FREIGHT,3300.0,2320.0,False,CLEAN_MATCH,0.0,False,Incomplete cross-document evidence: Secondary document verification missing.
INV-BLIND-10105,DP World Logistics,OCEAN_FREIGHT,3180.0,0.0,False,CLEAN_MATCH,0.0,False,Immaterial variance ($0.00 < $50.00 threshold). Suppressed to avoid vendor friction.
INV-BLIND-10106,Maersk Line,OCEAN_FREIGHT,3200.0,0.0,False,CLEAN_MATCH,0.0,False,Immaterial variance ($0.00 < $50.00 threshold). Suppressed to avoid vendor friction.
INV-BLIND-10107,CMA CGM,OCEAN_FREIGHT,3150.0,350.0,False,CLEAN_MATCH,0.0,False,Incomplete cross-document evidence: Secondary document verification missing.
INV-BLIND-10108,ONE (Ocean Network Express),OCEAN_FREIGHT,3250.0,0.0,False,CLEAN_MATCH,0.0,False,Immaterial variance ($0.00 < $50.00 threshold). Suppressed to avoid vendor friction.
INV-BLIND-10109,CMA CGM,OCEAN_FREIGHT,3150.0,0.0,False,CLEAN_MATCH,0.0,False,Immaterial variance ($0.00 < $50.00 threshold). Suppressed to avoid vendor friction.
INV-BLIND-10110,CMA CGM,OCEAN_FREIGHT,3150.0,0.0,False,CLEAN_MATCH,0.0,False,Immaterial variance ($0.00 < $50.00 threshold). Suppressed to avoid vendor friction.
INV-BLIND-10111,Evergreen Marine,OCEAN_FREIGHT,3050.0,0.0,False,CLEAN_MATCH,0.0,False,Immaterial variance ($0.00 < $50.00 threshold). Suppressed to avoid vendor friction.
INV-BLIND-10112,MSC Mediterranean Shipping,OCEAN_FREIGHT,3100.0,0.0,False,CLEAN_MATCH,0.0,False,Immaterial variance ($0.00 < $50.00 threshold). Suppressed to avoid vendor friction.
INV-BLIND-10113,Maersk Line,OCEAN_FREIGHT,3200.0,0.0,False,CLEAN_MATCH,0.0,False,Immaterial variance ($0.00 < $50.00 threshold). Suppressed to avoid vendor friction.
INV-BLIND-10114,MSC Mediterranean Shipping,OCEAN_FREIGHT,3100.0,0.0,False,CLEAN_MATCH,0.0,False,Immaterial variance ($0.00 < $50.00 threshold). Suppressed to avoid vendor friction.
INV-BLIND-10115,Evergreen Marine,OCEAN_FREIGHT,3050.0,0.0,False,CLEAN_MATCH,0.0,False,Immaterial variance ($0.00 < $50.00 threshold). Suppressed to avoid vendor friction.
INV-BLIND-10116,ONE (Ocean Network Express),OCEAN_FREIGHT,3250.0,0.0,False,CLEAN_MATCH,0.0,False,Immaterial variance ($0.00 < $50.00 threshold). Suppressed to avoid vendor friction.
INV-BLIND-10117,Evergreen Marine,OCEAN_FREIGHT,3050.0,0.0,False,CLEAN_MATCH,0.0,False,Immaterial variance ($0.00 < $50.00 threshold). Suppressed to avoid vendor friction.
INV-BLIND-10118,DP World Logistics,OCEAN_FREIGHT,3180.0,0.0,False,CLEAN_MATCH,0.0,False,Immaterial variance ($0.00 < $50.00 threshold). Suppressed to avoid vendor friction.
INV-BLIND-10119,CMA CGM,OCEAN_FREIGHT,3150.0,0.0,False,CLEAN_MATCH,0.0,False,Immaterial variance ($0.00 < $50.00 threshold). Suppressed to avoid vendor friction.
INV-BLIND-10120,DP World Logistics,OCEAN_FREIGHT,3180.0,0.0,False,CLEAN_MATCH,0.0,False,Immaterial variance ($0.00 < $50.00 threshold). Suppressed to avoid vendor friction.
INV-BLIND-10121,CMA CGM,OCEAN_FREIGHT,3150.0,0.0,False,CLEAN_MATCH,0.0,False,Immaterial variance ($0.00 < $50.00 threshold). Suppressed to avoid vendor friction.
INV-BLIND-10122,Hapag-Lloyd,OCEAN_FREIGHT,3300.0,1150.0,False,CLEAN_MATCH,0.0,False,Incomplete cross-document evidence: Secondary document verification missing.
INV-BLIND-10123,ONE (Ocean Network Express),OCEAN_FREIGHT,3250.0,0.0,False,CLEAN_MATCH,0.0,False,Immaterial variance ($0.00 < $50.00 threshold). Suppressed to avoid vendor friction.
INV-BLIND-10124,DP World Logistics,OCEAN_FREIGHT,3180.0,0.0,False,CLEAN_MATCH,0.0,False,Immaterial variance ($0.00 < $50.00 threshold). Suppressed to avoid vendor friction.
INV-BLIND-10125,ONE (Ocean Network Express),OCEAN_FREIGHT,3250.0,0.0,False,CLEAN_MATCH,0.0,False,Immaterial variance ($0.00 < $50.00 threshold). Suppressed to avoid vendor friction.
INV-BLIND-10126,ONE (Ocean Network Express),OCEAN_FREIGHT,3250.0,0.0,False,CLEAN_MATCH,0.0,False,Immaterial variance ($0.00 < $50.00 threshold). Suppressed to avoid vendor friction.
INV-BLIND-10127,Maersk Line,OCEAN_FREIGHT,3200.0,0.0,False,CLEAN_MATCH,0.0,False,Immaterial variance ($0.00 < $50.00 threshold). Suppressed to avoid vendor friction.
INV-BLIND-10128,Hapag-Lloyd,OCEAN_FREIGHT,3300.0,1150.0,False,CLEAN_MATCH,0.0,False,Incomplete cross-document evidence: Secondary document verification missing.
INV-BLIND-10129,Hapag-Lloyd,OCEAN_FREIGHT,3300.0,400.0,False,CLEAN_MATCH,0.0,False,Incomplete cross-document evidence: Secondary document verification missing.
INV-BLIND-10130,CMA CGM,OCEAN_FREIGHT,3150.0,0.0,False,CLEAN_MATCH,0.0,False,Immaterial variance ($0.00 < $50.00 threshold). Suppressed to avoid vendor friction.
INV-BLIND-10131,DP World Logistics,OCEAN_FREIGHT,3180.0,0.0,False,CLEAN_MATCH,0.0,False,Immaterial variance ($0.00 < $50.00 threshold). Suppressed to avoid vendor friction.
INV-BLIND-10132,MSC Mediterranean Shipping,OCEAN_FREIGHT,3100.0,1050.0,False,CLEAN_MATCH,0.0,False,Incomplete cross-document evidence: Secondary document verification missing.
INV-BLIND-10133,Hapag-Lloyd,OCEAN_FREIGHT,3300.0,2320.0,False,CLEAN_MATCH,0.0,False,Incomplete cross-document evidence: Secondary document verification missing.
INV-BLIND-10134,DP World Logistics,OCEAN_FREIGHT,3180.0,0.0,False,CLEAN_MATCH,0.0,False,Immaterial variance ($0.00 < $50.00 threshold). Suppressed to avoid vendor friction.
INV-BLIND-10135,DP World Logistics,OCEAN_FREIGHT,3180.0,1090.0,False,CLEAN_MATCH,0.0,False,Incomplete cross-document evidence: Secondary document verification missing.
INV-BLIND-10136,Hapag-Lloyd,OCEAN_FREIGHT,3300.0,0.0,False,CLEAN_MATCH,0.0,False,Immaterial variance ($0.00 < $50.00 threshold). Suppressed to avoid vendor friction.
INV-BLIND-10137,Evergreen Marine,OCEAN_FREIGHT,3050.0,0.0,False,CLEAN_MATCH,0.0,False,Immaterial variance ($0.00 < $50.00 threshold). Suppressed to avoid vendor friction.
INV-BLIND-10138,CMA CGM,OCEAN_FREIGHT,3150.0,1070.0,False,CLEAN_MATCH,0.0,False,Incomplete cross-document evidence: Secondary document verification missing.
INV-BLIND-10139,Maersk Line,OCEAN_FREIGHT,3200.0,0.0,False,CLEAN_MATCH,0.0,False,Immaterial variance ($0.00 < $50.00 threshold). Suppressed to avoid vendor friction.
INV-BLIND-10140,CMA CGM,OCEAN_FREIGHT,3150.0,0.0,False,CLEAN_MATCH,0.0,False,Immaterial variance ($0.00 < $50.00 threshold). Suppressed to avoid vendor friction.
INV-BLIND-10141,ONE (Ocean Network Express),OCEAN_FREIGHT,3250.0,0.0,False,CLEAN_MATCH,0.0,False,Immaterial variance ($0.00 < $50.00 threshold). Suppressed to avoid vendor friction.
INV-BLIND-10142,MSC Mediterranean Shipping,OCEAN_FREIGHT,3100.0,350.0,False,CLEAN_MATCH,0.0,False,Incomplete cross-document evidence: Secondary document verification missing.
INV-BLIND-10143,CMA CGM,OCEAN_FREIGHT,3150.0,0.0,False,CLEAN_MATCH,0.0,False,Immaterial variance ($0.00 < $50.00 threshold). Suppressed to avoid vendor friction.
INV-BLIND-10144,ONE (Ocean Network Express),OCEAN_FREIGHT,3250.0,0.0,False,CLEAN_MATCH,0.0,False,Immaterial variance ($0.00 < $50.00 threshold). Suppressed to avoid vendor friction.
INV-BLIND-10145,CMA CGM,OCEAN_FREIGHT,3150.0,0.0,False,CLEAN_MATCH,0.0,False,Immaterial variance ($0.00 < $50.00 threshold). Suppressed to avoid vendor friction.
INV-BLIND-10146,DP World Logistics,OCEAN_FREIGHT,3180.0,360.0,False,CLEAN_MATCH,0.0,False,Incomplete cross-document evidence: Secondary document verification missing.
INV-BLIND-10147,Maersk Line,OCEAN_FREIGHT,3200.0,0.0,False,CLEAN_MATCH,0.0,False,Immaterial variance ($0.00 < $50.00 threshold). Suppressed to avoid vendor friction.
INV-BLIND-10148,MSC Mediterranean Shipping,OCEAN_FREIGHT,3100.0,0.0,False,CLEAN_MATCH,0.0,False,Immaterial variance ($0.00 < $50.00 threshold). Suppressed to avoid vendor friction.
INV-BLIND-10149,DP World Logistics,OCEAN_FREIGHT,3180.0,0.0,False,CLEAN_MATCH,0.0,False,Immaterial variance ($0.00 < $50.00 threshold). Suppressed to avoid vendor friction.
INV-BLIND-10150,CMA CGM,OCEAN_FREIGHT,3150.0,0.0,False,CLEAN_MATCH,0.0,False,Immaterial variance ($0.00 < $50.00 threshold). Suppressed to avoid vendor friction.
INV-BLIND-10151,ONE (Ocean Network Express),OCEAN_FREIGHT,3250.0,0.0,False,CLEAN_MATCH,0.0,False,Immaterial variance ($0.00 < $50.00 threshold). Suppressed to avoid vendor friction.
INV-BLIND-10152,DP World Logistics,OCEAN_FREIGHT,3180.0,0.0,False,CLEAN_MATCH,0.0,False,Immaterial variance ($0.00 < $50.00 threshold). Suppressed to avoid vendor friction.
INV-BLIND-10153,Maersk Line,OCEAN_FREIGHT,3200.0,1100.0,False,CLEAN_MATCH,0.0,False,Incomplete cross-document evidence: Secondary document verification missing.
INV-BLIND-10154,Evergreen Marine,OCEAN_FREIGHT,3050.0,0.0,False,CLEAN_MATCH,0.0,False,Immaterial variance ($0.00 < $50.00 threshold). Suppressed to avoid vendor friction.
INV-BLIND-10155,Maersk Line,OCEAN_FREIGHT,3200.0,0.0,False,CLEAN_MATCH,0.0,False,Immaterial variance ($0.00 < $50.00 threshold). Suppressed to avoid vendor friction.
INV-BLIND-10156,Evergreen Marine,OCEAN_FREIGHT,3050.0,0.0,False,CLEAN_MATCH,0.0,False,Immaterial variance ($0.00 < $50.00 threshold). Suppressed to avoid vendor friction.
INV-BLIND-10157,Maersk Line,OCEAN_FREIGHT,3200.0,0.0,False,CLEAN_MATCH,0.0,False,Immaterial variance ($0.00 < $50.00 threshold). Suppressed to avoid vendor friction.
INV-BLIND-10158,CMA CGM,OCEAN_FREIGHT,3150.0,1070.0,False,CLEAN_MATCH,0.0,False,Incomplete cross-document evidence: Secondary document verification missing.
INV-BLIND-10159,ONE (Ocean Network Express),OCEAN_FREIGHT,3250.0,0.0,False,CLEAN_MATCH,0.0,False,Immaterial variance ($0.00 < $50.00 threshold). Suppressed to avoid vendor friction.
INV-BLIND-10160,MSC Mediterranean Shipping,OCEAN_FREIGHT,3100.0,350.0,False,CLEAN_MATCH,0.0,False,Incomplete cross-document evidence: Secondary document verification missing.
INV-BLIND-10161,ONE (Ocean Network Express),OCEAN_FREIGHT,3250.0,0.0,False,CLEAN_MATCH,0.0,False,Immaterial variance ($0.00 < $50.00 threshold). Suppressed to avoid vendor friction.
INV-BLIND-10162,MSC Mediterranean Shipping,OCEAN_FREIGHT,3100.0,0.0,False,CLEAN_MATCH,0.0,False,Immaterial variance ($0.00 < $50.00 threshold). Suppressed to avoid vendor friction.
INV-BLIND-10163,Maersk Line,OCEAN_FREIGHT,3200.0,0.0,False,CLEAN_MATCH,0.0,False,Immaterial variance ($0.00 < $50.00 threshold). Suppressed to avoid vendor friction.
INV-BLIND-10164,Maersk Line,OCEAN_FREIGHT,3200.0,350.0,False,CLEAN_MATCH,0.0,False,Incomplete cross-document evidence: Secondary document verification missing.
INV-BLIND-10165,Evergreen Marine,OCEAN_FREIGHT,3050.0,0.0,False,CLEAN_MATCH,0.0,False,Immaterial variance ($0.00 < $50.00 threshold). Suppressed to avoid vendor friction.
INV-BLIND-10166,CMA CGM,OCEAN_FREIGHT,3150.0,0.0,False,CLEAN_MATCH,0.0,False,Immaterial variance ($0.00 < $50.00 threshold). Suppressed to avoid vendor friction.
INV-BLIND-10167,DP World Logistics,OCEAN_FREIGHT,3180.0,0.0,False,CLEAN_MATCH,0.0,False,Immaterial variance ($0.00 < $50.00 threshold). Suppressed to avoid vendor friction.
INV-BLIND-10168,ONE (Ocean Network Express),OCEAN_FREIGHT,3250.0,0.0,False,CLEAN_MATCH,0.0,False,Immaterial variance ($0.00 < $50.00 threshold). Suppressed to avoid vendor friction.
INV-BLIND-10169,CMA CGM,OCEAN_FREIGHT,3150.0,0.0,False,CLEAN_MATCH,0.0,False,Immaterial variance ($0.00 < $50.00 threshold). Suppressed to avoid vendor friction.
INV-BLIND-10170,Maersk Line,OCEAN_FREIGHT,3200.0,1100.0,False,CLEAN_MATCH,0.0,False,Incomplete cross-document evidence: Secondary document verification missing.
INV-BLIND-10171,ONE (Ocean Network Express),OCEAN_FREIGHT,3250.0,0.0,False,CLEAN_MATCH,0.0,False,Immaterial variance ($0.00 < $50.00 threshold). Suppressed to avoid vendor friction.
INV-BLIND-10172,Hapag-Lloyd,OCEAN_FREIGHT,3300.0,2320.0,False,CLEAN_MATCH,0.0,False,Incomplete cross-document evidence: Secondary document verification missing.
INV-BLIND-10173,DP World Logistics,OCEAN_FREIGHT,3180.0,0.0,False,CLEAN_MATCH,0.0,False,Immaterial variance ($0.00 < $50.00 threshold). Suppressed to avoid vendor friction.
INV-BLIND-10174,Evergreen Marine,OCEAN_FREIGHT,3050.0,0.0,False,CLEAN_MATCH,0.0,False,Immaterial variance ($0.00 < $50.00 threshold). Suppressed to avoid vendor friction.
INV-BLIND-10175,CMA CGM,OCEAN_FREIGHT,3150.0,1070.0,False,CLEAN_MATCH,0.0,False,Incomplete cross-document evidence: Secondary document verification missing.
INV-BLIND-10176,Evergreen Marine,OCEAN_FREIGHT,3050.0,0.0,False,CLEAN_MATCH,0.0,False,Immaterial variance ($0.00 < $50.00 threshold). Suppressed to avoid vendor friction.
INV-BLIND-10177,MSC Mediterranean Shipping,OCEAN_FREIGHT,3100.0,0.0,False,CLEAN_MATCH,0.0,False,Immaterial variance ($0.00 < $50.00 threshold). Suppressed to avoid vendor friction.
INV-BLIND-10178,Maersk Line,OCEAN_FREIGHT,3200.0,350.0,False,CLEAN_MATCH,0.0,False,Incomplete cross-document evidence: Secondary document verification missing.
INV-BLIND-10179,Hapag-Lloyd,OCEAN_FREIGHT,3300.0,2320.0,False,CLEAN_MATCH,0.0,False,Incomplete cross-document evidence: Secondary document verification missing.
INV-BLIND-10180,Evergreen Marine,OCEAN_FREIGHT,3050.0,0.0,False,CLEAN_MATCH,0.0,False,Immaterial variance ($0.00 < $50.00 threshold). Suppressed to avoid vendor friction.
INV-BLIND-10181,Maersk Line,OCEAN_FREIGHT,3200.0,0.0,False,CLEAN_MATCH,0.0,False,Immaterial variance ($0.00 < $50.00 threshold). Suppressed to avoid vendor friction.
INV-BLIND-10182,DP World Logistics,OCEAN_FREIGHT,3180.0,1090.0,False,CLEAN_MATCH,0.0,False,Incomplete cross-document evidence: Secondary document verification missing.
INV-BLIND-10183,CMA CGM,OCEAN_FREIGHT,3150.0,350.0,False,CLEAN_MATCH,0.0,False,Incomplete cross-document evidence: Secondary document verification missing.
INV-BLIND-10184,Hapag-Lloyd,OCEAN_FREIGHT,3300.0,0.0,False,CLEAN_MATCH,0.0,False,Immaterial variance ($0.00 < $50.00 threshold). Suppressed to avoid vendor friction.
INV-BLIND-10185,DP World Logistics,OCEAN_FREIGHT,3180.0,0.0,False,CLEAN_MATCH,0.0,False,Immaterial variance ($0.00 < $50.00 threshold). Suppressed to avoid vendor friction.
INV-BLIND-10186,Evergreen Marine,OCEAN_FREIGHT,3050.0,0.0,False,CLEAN_MATCH,0.0,False,Immaterial variance ($0.00 < $50.00 threshold). Suppressed to avoid vendor friction.
INV-BLIND-10187,Hapag-Lloyd,OCEAN_FREIGHT,3300.0,0.0,False,CLEAN_MATCH,0.0,False,Immaterial variance ($0.00 < $50.00 threshold). Suppressed to avoid vendor friction.
INV-BLIND-10188,CMA CGM,OCEAN_FREIGHT,3150.0,350.0,False,CLEAN_MATCH,0.0,False,Incomplete cross-document evidence: Secondary document verification missing.
INV-BLIND-10189,Evergreen Marine,OCEAN_FREIGHT,3050.0,0.0,False,CLEAN_MATCH,0.0,False,Immaterial variance ($0.00 < $50.00 threshold). Suppressed to avoid vendor friction.
INV-BLIND-10190,Hapag-Lloyd,OCEAN_FREIGHT,3300.0,0.0,False,CLEAN_MATCH,0.0,False,Immaterial variance ($0.00 < $50.00 threshold). Suppressed to avoid vendor friction.
INV-BLIND-10191,Maersk Line,OCEAN_FREIGHT,3200.0,0.0,False,CLEAN_MATCH,0.0,False,Immaterial variance ($0.00 < $50.00 threshold). Suppressed to avoid vendor friction.
INV-BLIND-10192,Hapag-Lloyd,OCEAN_FREIGHT,3300.0,0.0,False,CLEAN_MATCH,0.0,False,Immaterial variance ($0.00 < $50.00 threshold). Suppressed to avoid vendor friction.
INV-BLIND-10193,Hapag-Lloyd,OCEAN_FREIGHT,3300.0,2320.0,False,CLEAN_MATCH,0.0,False,Incomplete cross-document evidence: Secondary document verification missing.
INV-BLIND-10194,MSC Mediterranean Shipping,OCEAN_FREIGHT,3100.0,0.0,False,CLEAN_MATCH,0.0,False,Immaterial variance ($0.00 < $50.00 threshold). Suppressed to avoid vendor friction.
INV-BLIND-10195,Evergreen Marine,OCEAN_FREIGHT,3050.0,0.0,False,CLEAN_MATCH,0.0,False,Immaterial variance ($0.00 < $50.00 threshold). Suppressed to avoid vendor friction.
INV-BLIND-10196,ONE (Ocean Network Express),OCEAN_FREIGHT,3250.0,0.0,False,CLEAN_MATCH,0.0,False,Immaterial variance ($0.00 < $50.00 threshold). Suppressed to avoid vendor friction.
INV-BLIND-10197,Hapag-Lloyd,OCEAN_FREIGHT,3300.0,400.0,False,CLEAN_MATCH,0.0,False,Incomplete cross-document evidence: Secondary document verification missing.
INV-BLIND-10198,MSC Mediterranean Shipping,OCEAN_FREIGHT,3100.0,0.0,False,CLEAN_MATCH,0.0,False,Immaterial variance ($0.00 < $50.00 threshold). Suppressed to avoid vendor friction.
INV-BLIND-10199,Evergreen Marine,OCEAN_FREIGHT,3050.0,0.0,False,CLEAN_MATCH,0.0,False,Immaterial variance ($0.00 < $50.00 threshold). Suppressed to avoid vendor friction.
INV-BLIND-10200,Evergreen Marine,OCEAN_FREIGHT,3050.0,0.0,False,CLEAN_MATCH,0.0,False,Immaterial variance ($0.00 < $50.00 threshold). Suppressed to avoid vendor friction.
INV-BLIND-10201,Hapag-Lloyd,OCEAN_FREIGHT,3300.0,1150.0,False,CLEAN_MATCH,0.0,False,Incomplete cross-document evidence: Secondary document verification missing.
INV-BLIND-10202,DP World Logistics,OCEAN_FREIGHT,3180.0,1090.0,False,CLEAN_MATCH,0.0,False,Incomplete cross-document evidence: Secondary document verification missing.
INV-BLIND-10203,Hapag-Lloyd,OCEAN_FREIGHT,3300.0,0.0,False,CLEAN_MATCH,0.0,False,Immaterial variance ($0.00 < $50.00 threshold). Suppressed to avoid vendor friction.
INV-BLIND-10204,MSC Mediterranean Shipping,OCEAN_FREIGHT,3100.0,2200.0,False,CLEAN_MATCH,0.0,False,Incomplete cross-document evidence: Secondary document verification missing.
INV-BLIND-10205,Maersk Line,OCEAN_FREIGHT,3200.0,2250.0,False,CLEAN_MATCH,0.0,False,Incomplete cross-document evidence: Secondary document verification missing.
INV-BLIND-10206,MSC Mediterranean Shipping,OCEAN_FREIGHT,3100.0,350.0,False,CLEAN_MATCH,0.0,False,Incomplete cross-document evidence: Secondary document verification missing.
INV-BLIND-10207,CMA CGM,OCEAN_FREIGHT,3150.0,1070.0,False,CLEAN_MATCH,0.0,False,Incomplete cross-document evidence: Secondary document verification missing.
INV-BLIND-10208,Maersk Line,OCEAN_FREIGHT,3200.0,350.0,False,CLEAN_MATCH,0.0,False,Incomplete cross-document evidence: Secondary document verification missing.
INV-BLIND-10209,MSC Mediterranean Shipping,OCEAN_FREIGHT,3100.0,0.0,False,CLEAN_MATCH,0.0,False,Immaterial variance ($0.00 < $50.00 threshold). Suppressed to avoid vendor friction.
INV-BLIND-10210,Maersk Line,OCEAN_FREIGHT,3200.0,1100.0,False,CLEAN_MATCH,0.0,False,Incomplete cross-document evidence: Secondary document verification missing.
INV-BLIND-10211,Hapag-Lloyd,OCEAN_FREIGHT,3300.0,0.0,False,CLEAN_MATCH,0.0,False,Immaterial variance ($0.00 < $50.00 threshold). Suppressed to avoid vendor friction.
INV-BLIND-10212,Hapag-Lloyd,OCEAN_FREIGHT,3300.0,1150.0,False,CLEAN_MATCH,0.0,False,Incomplete cross-document evidence: Secondary document verification missing.
INV-BLIND-10213,Maersk Line,OCEAN_FREIGHT,3200.0,0.0,False,CLEAN_MATCH,0.0,False,Immaterial variance ($0.00 < $50.00 threshold). Suppressed to avoid vendor friction.
INV-BLIND-10214,CMA CGM,OCEAN_FREIGHT,3150.0,2230.0,False,CLEAN_MATCH,0.0,False,Incomplete cross-document evidence: Secondary document verification missing.
INV-BLIND-10215,Evergreen Marine,OCEAN_FREIGHT,3050.0,0.0,False,CLEAN_MATCH,0.0,False,Immaterial variance ($0.00 < $50.00 threshold). Suppressed to avoid vendor friction.
INV-BLIND-10216,Evergreen Marine,OCEAN_FREIGHT,3050.0,0.0,False,CLEAN_MATCH,0.0,False,Immaterial variance ($0.00 < $50.00 threshold). Suppressed to avoid vendor friction.
INV-BLIND-10217,ONE (Ocean Network Express),OCEAN_FREIGHT,3250.0,0.0,False,CLEAN_MATCH,0.0,False,Immaterial variance ($0.00 < $50.00 threshold). Suppressed to avoid vendor friction.
INV-BLIND-10218,DP World Logistics,OCEAN_FREIGHT,3180.0,0.0,False,CLEAN_MATCH,0.0,False,Immaterial variance ($0.00 < $50.00 threshold). Suppressed to avoid vendor friction.
INV-BLIND-10219,DP World Logistics,OCEAN_FREIGHT,3180.0,0.0,False,CLEAN_MATCH,0.0,False,Immaterial variance ($0.00 < $50.00 threshold). Suppressed to avoid vendor friction.
INV-BLIND-10220,DP World Logistics,OCEAN_FREIGHT,3180.0,360.0,False,CLEAN_MATCH,0.0,False,Incomplete cross-document evidence: Secondary document verification missing.
INV-BLIND-10221,DP World Logistics,OCEAN_FREIGHT,3180.0,0.0,False,CLEAN_MATCH,0.0,False,Immaterial variance ($0.00 < $50.00 threshold). Suppressed to avoid vendor friction.
INV-BLIND-10222,Evergreen Marine,OCEAN_FREIGHT,3050.0,0.0,False,CLEAN_MATCH,0.0,False,Immaterial variance ($0.00 < $50.00 threshold). Suppressed to avoid vendor friction.
INV-BLIND-10223,CMA CGM,OCEAN_FREIGHT,3150.0,0.0,False,CLEAN_MATCH,0.0,False,Immaterial variance ($0.00 < $50.00 threshold). Suppressed to avoid vendor friction.
INV-BLIND-10224,Hapag-Lloyd,OCEAN_FREIGHT,3300.0,0.0,False,CLEAN_MATCH,0.0,False,Immaterial variance ($0.00 < $50.00 threshold). Suppressed to avoid vendor friction.
INV-BLIND-10225,Evergreen Marine,OCEAN_FREIGHT,3050.0,0.0,False,CLEAN_MATCH,0.0,False,Immaterial variance ($0.00 < $50.00 threshold). Suppressed to avoid vendor friction.
INV-BLIND-10226,Maersk Line,OCEAN_FREIGHT,3200.0,2250.0,False,CLEAN_MATCH,0.0,False,Incomplete cross-document evidence: Secondary document verification missing.
INV-BLIND-10227,MSC Mediterranean Shipping,OCEAN_FREIGHT,3100.0,0.0,False,CLEAN_MATCH,0.0,False,Immaterial variance ($0.00 < $50.00 threshold). Suppressed to avoid vendor friction.
INV-BLIND-10228,Evergreen Marine,OCEAN_FREIGHT,3050.0,0.0,False,CLEAN_MATCH,0.0,False,Immaterial variance ($0.00 < $50.00 threshold). Suppressed to avoid vendor friction.
INV-BLIND-10229,ONE (Ocean Network Express),OCEAN_FREIGHT,3250.0,0.0,False,CLEAN_MATCH,0.0,False,Immaterial variance ($0.00 < $50.00 threshold). Suppressed to avoid vendor friction.
INV-BLIND-10230,DP World Logistics,OCEAN_FREIGHT,3180.0,360.0,False,CLEAN_MATCH,0.0,False,Incomplete cross-document evidence: Secondary document verification missing.
INV-BLIND-10231,Hapag-Lloyd,OCEAN_FREIGHT,3300.0,0.0,False,CLEAN_MATCH,0.0,False,Immaterial variance ($0.00 < $50.00 threshold). Suppressed to avoid vendor friction.
INV-BLIND-10232,CMA CGM,OCEAN_FREIGHT,3150.0,0.0,False,CLEAN_MATCH,0.0,False,Immaterial variance ($0.00 < $50.00 threshold). Suppressed to avoid vendor friction.
INV-BLIND-10233,MSC Mediterranean Shipping,OCEAN_FREIGHT,3100.0,0.0,False,CLEAN_MATCH,0.0,False,Immaterial variance ($0.00 < $50.00 threshold). Suppressed to avoid vendor friction.
INV-BLIND-10234,ONE (Ocean Network Express),OCEAN_FREIGHT,3250.0,0.0,False,CLEAN_MATCH,0.0,False,Immaterial variance ($0.00 < $50.00 threshold). Suppressed to avoid vendor friction.
INV-BLIND-10235,Hapag-Lloyd,OCEAN_FREIGHT,3300.0,400.0,False,CLEAN_MATCH,0.0,False,Incomplete cross-document evidence: Secondary document verification missing.
INV-BLIND-10236,CMA CGM,OCEAN_FREIGHT,3150.0,0.0,False,CLEAN_MATCH,0.0,False,Immaterial variance ($0.00 < $50.00 threshold). Suppressed to avoid vendor friction.
INV-BLIND-10237,DP World Logistics,OCEAN_FREIGHT,3180.0,0.0,False,CLEAN_MATCH,0.0,False,Immaterial variance ($0.00 < $50.00 threshold). Suppressed to avoid vendor friction.
INV-BLIND-10238,MSC Mediterranean Shipping,OCEAN_FREIGHT,3100.0,0.0,False,CLEAN_MATCH,0.0,False,Immaterial variance ($0.00 < $50.00 threshold). Suppressed to avoid vendor friction.
INV-BLIND-10239,ONE (Ocean Network Express),OCEAN_FREIGHT,3250.0,0.0,False,CLEAN_MATCH,0.0,False,Immaterial variance ($0.00 < $50.00 threshold). Suppressed to avoid vendor friction.
INV-BLIND-10240,Maersk Line,OCEAN_FREIGHT,3200.0,0.0,False,CLEAN_MATCH,0.0,False,Immaterial variance ($0.00 < $50.00 threshold). Suppressed to avoid vendor friction.
INV-BLIND-10241,Evergreen Marine,OCEAN_FREIGHT,3050.0,0.0,False,CLEAN_MATCH,0.0,False,Immaterial variance ($0.00 < $50.00 threshold). Suppressed to avoid vendor friction.
INV-BLIND-10242,DP World Logistics,OCEAN_FREIGHT,3180.0,360.0,False,CLEAN_MATCH,0.0,False,Incomplete cross-document evidence: Secondary document verification missing.
INV-BLIND-10243,Hapag-Lloyd,OCEAN_FREIGHT,3300.0,0.0,False,CLEAN_MATCH,0.0,False,Immaterial variance ($0.00 < $50.00 threshold). Suppressed to avoid vendor friction.
INV-BLIND-10244,CMA CGM,OCEAN_FREIGHT,3150.0,2230.0,False,CLEAN_MATCH,0.0,False,Incomplete cross-document evidence: Secondary document verification missing.
INV-BLIND-10245,ONE (Ocean Network Express),OCEAN_FREIGHT,3250.0,0.0,False,CLEAN_MATCH,0.0,False,Immaterial variance ($0.00 < $50.00 threshold). Suppressed to avoid vendor friction.
INV-BLIND-10246,MSC Mediterranean Shipping,OCEAN_FREIGHT,3100.0,0.0,False,CLEAN_MATCH,0.0,False,Immaterial variance ($0.00 < $50.00 threshold). Suppressed to avoid vendor friction.
INV-BLIND-10247,Maersk Line,OCEAN_FREIGHT,3200.0,0.0,False,CLEAN_MATCH,0.0,False,Immaterial variance ($0.00 < $50.00 threshold). Suppressed to avoid vendor friction.
INV-BLIND-10248,Hapag-Lloyd,OCEAN_FREIGHT,3300.0,0.0,False,CLEAN_MATCH,0.0,False,Immaterial variance ($0.00 < $50.00 threshold). Suppressed to avoid vendor friction.
INV-BLIND-10249,DP World Logistics,OCEAN_FREIGHT,3180.0,0.0,False,CLEAN_MATCH,0.0,False,Immaterial variance ($0.00 < $50.00 threshold). Suppressed to avoid vendor friction.
INV-BLIND-10250,CMA CGM,OCEAN_FREIGHT,3150.0,0.0,False,CLEAN_MATCH,0.0,False,Immaterial variance ($0.00 < $50.00 threshold). Suppressed to avoid vendor friction.
INV-BLIND-10251,MSC Mediterranean Shipping,OCEAN_FREIGHT,3100.0,0.0,False,CLEAN_MATCH,0.0,False,Immaterial variance ($0.00 < $50.00 threshold). Suppressed to avoid vendor friction.
INV-BLIND-10252,Hapag-Lloyd,OCEAN_FREIGHT,3300.0,0.0,False,CLEAN_MATCH,0.0,False,Immaterial variance ($0.00 < $50.00 threshold). Suppressed to avoid vendor friction.
INV-BLIND-10253,MSC Mediterranean Shipping,OCEAN_FREIGHT,3100.0,350.0,False,CLEAN_MATCH,0.0,False,Incomplete cross-document evidence: Secondary document verification missing.
INV-BLIND-10254,MSC Mediterranean Shipping,OCEAN_FREIGHT,3100.0,0.0,False,CLEAN_MATCH,0.0,False,Immaterial variance ($0.00 < $50.00 threshold). Suppressed to avoid vendor friction.
INV-BLIND-10255,Hapag-Lloyd,OCEAN_FREIGHT,3300.0,0.0,False,CLEAN_MATCH,0.0,False,Immaterial variance ($0.00 < $50.00 threshold). Suppressed to avoid vendor friction.
INV-BLIND-10256,Maersk Line,OCEAN_FREIGHT,3200.0,0.0,False,CLEAN_MATCH,0.0,False,Immaterial variance ($0.00 < $50.00 threshold). Suppressed to avoid vendor friction.
INV-BLIND-10257,DP World Logistics,OCEAN_FREIGHT,3180.0,0.0,False,CLEAN_MATCH,0.0,False,Immaterial variance ($0.00 < $50.00 threshold). Suppressed to avoid vendor friction.
INV-BLIND-10258,MSC Mediterranean Shipping,OCEAN_FREIGHT,3100.0,0.0,False,CLEAN_MATCH,0.0,False,Immaterial variance ($0.00 < $50.00 threshold). Suppressed to avoid vendor friction.
INV-BLIND-10259,Evergreen Marine,OCEAN_FREIGHT,3050.0,0.0,False,CLEAN_MATCH,0.0,False,Immaterial variance ($0.00 < $50.00 threshold). Suppressed to avoid vendor friction.
INV-BLIND-10260,Maersk Line,OCEAN_FREIGHT,3200.0,0.0,False,CLEAN_MATCH,0.0,False,Immaterial variance ($0.00 < $50.00 threshold). Suppressed to avoid vendor friction.
INV-BLIND-10261,ONE (Ocean Network Express),OCEAN_FREIGHT,3250.0,0.0,False,CLEAN_MATCH,0.0,False,Immaterial variance ($0.00 < $50.00 threshold). Suppressed to avoid vendor friction.
INV-BLIND-10262,Evergreen Marine,OCEAN_FREIGHT,3050.0,0.0,False,CLEAN_MATCH,0.0,False,Immaterial variance ($0.00 < $50.00 threshold). Suppressed to avoid vendor friction.
INV-BLIND-10263,Maersk Line,OCEAN_FREIGHT,3200.0,1100.0,False,CLEAN_MATCH,0.0,False,Incomplete cross-document evidence: Secondary document verification missing.
INV-BLIND-10264,Evergreen Marine,OCEAN_FREIGHT,3050.0,0.0,False,CLEAN_MATCH,0.0,False,Immaterial variance ($0.00 < $50.00 threshold). Suppressed to avoid vendor friction.
INV-BLIND-10265,DP World Logistics,OCEAN_FREIGHT,3180.0,1090.0,False,CLEAN_MATCH,0.0,False,Incomplete cross-document evidence: Secondary document verification missing.
INV-BLIND-10266,MSC Mediterranean Shipping,OCEAN_FREIGHT,3100.0,0.0,False,CLEAN_MATCH,0.0,False,Immaterial variance ($0.00 < $50.00 threshold). Suppressed to avoid vendor friction.
INV-BLIND-10267,Evergreen Marine,OCEAN_FREIGHT,3050.0,0.0,False,CLEAN_MATCH,0.0,False,Immaterial variance ($0.00 < $50.00 threshold). Suppressed to avoid vendor friction.
INV-BLIND-10268,Evergreen Marine,OCEAN_FREIGHT,3050.0,0.0,False,CLEAN_MATCH,0.0,False,Immaterial variance ($0.00 < $50.00 threshold). Suppressed to avoid vendor friction.
INV-BLIND-10269,ONE (Ocean Network Express),OCEAN_FREIGHT,3250.0,0.0,False,CLEAN_MATCH,0.0,False,Immaterial variance ($0.00 < $50.00 threshold). Suppressed to avoid vendor friction.
INV-BLIND-10270,CMA CGM,OCEAN_FREIGHT,3150.0,1070.0,False,CLEAN_MATCH,0.0,False,Incomplete cross-document evidence: Secondary document verification missing.
INV-BLIND-10271,MSC Mediterranean Shipping,OCEAN_FREIGHT,3100.0,0.0,False,CLEAN_MATCH,0.0,False,Immaterial variance ($0.00 < $50.00 threshold). Suppressed to avoid vendor friction.
INV-BLIND-10272,ONE (Ocean Network Express),OCEAN_FREIGHT,3250.0,0.0,False,CLEAN_MATCH,0.0,False,Immaterial variance ($0.00 < $50.00 threshold). Suppressed to avoid vendor friction.
INV-BLIND-10273,ONE (Ocean Network Express),OCEAN_FREIGHT,3250.0,0.0,False,CLEAN_MATCH,0.0,False,Immaterial variance ($0.00 < $50.00 threshold). Suppressed to avoid vendor friction.
INV-BLIND-10274,Hapag-Lloyd,OCEAN_FREIGHT,3300.0,0.0,False,CLEAN_MATCH,0.0,False,Immaterial variance ($0.00 < $50.00 threshold). Suppressed to avoid vendor friction.
INV-BLIND-10275,Maersk Line,OCEAN_FREIGHT,3200.0,2250.0,False,CLEAN_MATCH,0.0,False,Incomplete cross-document evidence: Secondary document verification missing.
INV-BLIND-10276,CMA CGM,OCEAN_FREIGHT,3150.0,0.0,False,CLEAN_MATCH,0.0,False,Immaterial variance ($0.00 < $50.00 threshold). Suppressed to avoid vendor friction.
INV-BLIND-10277,CMA CGM,OCEAN_FREIGHT,3150.0,0.0,False,CLEAN_MATCH,0.0,False,Immaterial variance ($0.00 < $50.00 threshold). Suppressed to avoid vendor friction.
INV-BLIND-10278,Maersk Line,OCEAN_FREIGHT,3200.0,1100.0,False,CLEAN_MATCH,0.0,False,Incomplete cross-document evidence: Secondary document verification missing.
INV-BLIND-10279,MSC Mediterranean Shipping,OCEAN_FREIGHT,3100.0,2200.0,False,CLEAN_MATCH,0.0,False,Incomplete cross-document evidence: Secondary document verification missing.
INV-BLIND-10280,CMA CGM,OCEAN_FREIGHT,3150.0,1070.0,False,CLEAN_MATCH,0.0,False,Incomplete cross-document evidence: Secondary document verification missing.
INV-BLIND-10281,ONE (Ocean Network Express),OCEAN_FREIGHT,3250.0,0.0,False,CLEAN_MATCH,0.0,False,Immaterial variance ($0.00 < $50.00 threshold). Suppressed to avoid vendor friction.
INV-BLIND-10282,DP World Logistics,OCEAN_FREIGHT,3180.0,360.0,False,CLEAN_MATCH,0.0,False,Incomplete cross-document evidence: Secondary document verification missing.
INV-BLIND-10283,ONE (Ocean Network Express),OCEAN_FREIGHT,3250.0,0.0,False,CLEAN_MATCH,0.0,False,Immaterial variance ($0.00 < $50.00 threshold). Suppressed to avoid vendor friction.
INV-BLIND-10284,Maersk Line,OCEAN_FREIGHT,3200.0,0.0,False,CLEAN_MATCH,0.0,False,Immaterial variance ($0.00 < $50.00 threshold). Suppressed to avoid vendor friction.
INV-BLIND-10285,DP World Logistics,OCEAN_FREIGHT,3180.0,0.0,False,CLEAN_MATCH,0.0,False,Immaterial variance ($0.00 < $50.00 threshold). Suppressed to avoid vendor friction.
INV-BLIND-10286,CMA CGM,OCEAN_FREIGHT,3150.0,2230.0,False,CLEAN_MATCH,0.0,False,Incomplete cross-document evidence: Secondary document verification missing.
INV-BLIND-10287,Maersk Line,OCEAN_FREIGHT,3200.0,2250.0,False,CLEAN_MATCH,0.0,False,Incomplete cross-document evidence: Secondary document verification missing.
INV-BLIND-10288,Maersk Line,OCEAN_FREIGHT,3200.0,0.0,False,CLEAN_MATCH,0.0,False,Immaterial variance ($0.00 < $50.00 threshold). Suppressed to avoid vendor friction.
INV-BLIND-10289,ONE (Ocean Network Express),OCEAN_FREIGHT,3250.0,0.0,False,CLEAN_MATCH,0.0,False,Immaterial variance ($0.00 < $50.00 threshold). Suppressed to avoid vendor friction.
INV-BLIND-10290,Hapag-Lloyd,OCEAN_FREIGHT,3300.0,1150.0,False,CLEAN_MATCH,0.0,False,Incomplete cross-document evidence: Secondary document verification missing.
INV-BLIND-10291,Maersk Line,OCEAN_FREIGHT,3200.0,2250.0,False,CLEAN_MATCH,0.0,False,Incomplete cross-document evidence: Secondary document verification missing.
INV-BLIND-10292,DP World Logistics,OCEAN_FREIGHT,3180.0,0.0,False,CLEAN_MATCH,0.0,False,Immaterial variance ($0.00 < $50.00 threshold). Suppressed to avoid vendor friction.
INV-BLIND-10293,Evergreen Marine,OCEAN_FREIGHT,3050.0,0.0,False,CLEAN_MATCH,0.0,False,Immaterial variance ($0.00 < $50.00 threshold). Suppressed to avoid vendor friction.
INV-BLIND-10294,Hapag-Lloyd,OCEAN_FREIGHT,3300.0,2320.0,False,CLEAN_MATCH,0.0,False,Incomplete cross-document evidence: Secondary document verification missing.
INV-BLIND-10295,MSC Mediterranean Shipping,OCEAN_FREIGHT,3100.0,1050.0,False,CLEAN_MATCH,0.0,False,Incomplete cross-document evidence: Secondary document verification missing.
INV-BLIND-10296,Evergreen Marine,OCEAN_FREIGHT,3050.0,0.0,False,CLEAN_MATCH,0.0,False,Immaterial variance ($0.00 < $50.00 threshold). Suppressed to avoid vendor friction.
INV-BLIND-10297,DP World Logistics,OCEAN_FREIGHT,3180.0,360.0,False,CLEAN_MATCH,0.0,False,Incomplete cross-document evidence: Secondary document verification missing.
INV-BLIND-10298,MSC Mediterranean Shipping,OCEAN_FREIGHT,3100.0,350.0,False,CLEAN_MATCH,0.0,False,Incomplete cross-document evidence: Secondary document verification missing.
INV-BLIND-10299,Maersk Line,OCEAN_FREIGHT,3200.0,0.0,False,CLEAN_MATCH,0.0,False,Immaterial variance ($0.00 < $50.00 threshold). Suppressed to avoid vendor friction.
INV-BLIND-10300,Hapag-Lloyd,OCEAN_FREIGHT,3300.0,0.0,False,CLEAN_MATCH,0.0,False,Immaterial variance ($0.00 < $50.00 threshold). Suppressed to avoid vendor friction.
INV-BLIND-10301,Hapag-Lloyd,OCEAN_FREIGHT,3300.0,400.0,False,CLEAN_BASELINE,0.0,False,Incomplete cross-document evidence: Secondary document verification missing.
INV-BLIND-10302,Hapag-Lloyd,OCEAN_FREIGHT,3300.0,3300.0,True,EXACT_DUPLICATE,3300.0,True,"Dispute meets materiality, cross-document evidence, and counter-risk thresholds."
INV-BLIND-10303,Maersk Line,OCEAN_FREIGHT,3200.0,2250.0,False,CLEAN_BASELINE,0.0,False,Incomplete cross-document evidence: Secondary document verification missing.
INV-BLIND-10304,Maersk Line,OCEAN_FREIGHT,3200.0,3200.0,True,EXACT_DUPLICATE,3200.0,True,"Dispute meets materiality, cross-document evidence, and counter-risk thresholds."
INV-BLIND-10305,CMA CGM,OCEAN_FREIGHT,3150.0,0.0,False,CLEAN_BASELINE,0.0,False,Immaterial variance ($0.00 < $50.00 threshold). Suppressed to avoid vendor friction.
INV-BLIND-10306,CMA CGM,OCEAN_FREIGHT,3150.0,3150.0,True,EXACT_DUPLICATE,3150.0,True,"Dispute meets materiality, cross-document evidence, and counter-risk thresholds."
INV-BLIND-10307,MSC Mediterranean Shipping,OCEAN_FREIGHT,3100.0,0.0,False,CLEAN_BASELINE,0.0,False,Immaterial variance ($0.00 < $50.00 threshold). Suppressed to avoid vendor friction.
INV-BLIND-10308,MSC Mediterranean Shipping,OCEAN_FREIGHT,3100.0,3100.0,True,EXACT_DUPLICATE,3100.0,True,"Dispute meets materiality, cross-document evidence, and counter-risk thresholds."
INV-BLIND-10309,CMA CGM,OCEAN_FREIGHT,3150.0,0.0,False,CLEAN_BASELINE,0.0,False,Immaterial variance ($0.00 < $50.00 threshold). Suppressed to avoid vendor friction.
INV-BLIND-10310,CMA CGM,OCEAN_FREIGHT,3150.0,3150.0,True,EXACT_DUPLICATE,3150.0,True,"Dispute meets materiality, cross-document evidence, and counter-risk thresholds."
INV-BLIND-10311,Hapag-Lloyd,OCEAN_FREIGHT,3300.0,0.0,False,CLEAN_BASELINE,0.0,False,Immaterial variance ($0.00 < $50.00 threshold). Suppressed to avoid vendor friction.
INV-BLIND-10312,Hapag-Lloyd,OCEAN_FREIGHT,3300.0,3300.0,True,EXACT_DUPLICATE,3300.0,True,"Dispute meets materiality, cross-document evidence, and counter-risk thresholds."
INV-BLIND-10313,Evergreen Marine,OCEAN_FREIGHT,3050.0,0.0,False,CLEAN_BASELINE,0.0,False,Immaterial variance ($0.00 < $50.00 threshold). Suppressed to avoid vendor friction.
INV-BLIND-10314,Evergreen Marine,OCEAN_FREIGHT,3050.0,3050.0,True,EXACT_DUPLICATE,3050.0,True,"Dispute meets materiality, cross-document evidence, and counter-risk thresholds."
INV-BLIND-10315,MSC Mediterranean Shipping,OCEAN_FREIGHT,3100.0,0.0,False,CLEAN_BASELINE,0.0,False,Immaterial variance ($0.00 < $50.00 threshold). Suppressed to avoid vendor friction.
INV-BLIND-10316,MSC Mediterranean Shipping,OCEAN_FREIGHT,3100.0,3100.0,True,EXACT_DUPLICATE,3100.0,True,"Dispute meets materiality, cross-document evidence, and counter-risk thresholds."
INV-BLIND-10317,Maersk Line,OCEAN_FREIGHT,3200.0,0.0,False,CLEAN_BASELINE,0.0,False,Immaterial variance ($0.00 < $50.00 threshold). Suppressed to avoid vendor friction.
INV-BLIND-10318,Maersk Line,OCEAN_FREIGHT,3200.0,3200.0,True,EXACT_DUPLICATE,3200.0,True,"Dispute meets materiality, cross-document evidence, and counter-risk thresholds."
INV-BLIND-10319,Evergreen Marine,OCEAN_FREIGHT,3050.0,0.0,False,CLEAN_BASELINE,0.0,False,Immaterial variance ($0.00 < $50.00 threshold). Suppressed to avoid vendor friction.
INV-BLIND-10320,Evergreen Marine,OCEAN_FREIGHT,3050.0,3050.0,True,EXACT_DUPLICATE,3050.0,True,"Dispute meets materiality, cross-document evidence, and counter-risk thresholds."
INV-BLIND-10321,Hapag-Lloyd,OCEAN_FREIGHT,3300.0,0.0,False,CLEAN_BASELINE,0.0,False,Immaterial variance ($0.00 < $50.00 threshold). Suppressed to avoid vendor friction.
INV-BLIND-10322,Hapag-Lloyd,OCEAN_FREIGHT,3300.0,3300.0,True,EXACT_DUPLICATE,3300.0,True,"Dispute meets materiality, cross-document evidence, and counter-risk thresholds."
INV-BLIND-10323,Maersk Line,OCEAN_FREIGHT,3200.0,0.0,False,CLEAN_BASELINE,0.0,False,Immaterial variance ($0.00 < $50.00 threshold). Suppressed to avoid vendor friction.
INV-BLIND-10324,Maersk Line,OCEAN_FREIGHT,3200.0,3200.0,True,EXACT_DUPLICATE,3200.0,True,"Dispute meets materiality, cross-document evidence, and counter-risk thresholds."
INV-BLIND-10325,MSC Mediterranean Shipping,OCEAN_FREIGHT,3100.0,2200.0,False,CLEAN_BASELINE,0.0,False,Incomplete cross-document evidence: Secondary document verification missing.
INV-BLIND-10326,MSC Mediterranean Shipping,OCEAN_FREIGHT,3100.0,3100.0,True,EXACT_DUPLICATE,3100.0,True,"Dispute meets materiality, cross-document evidence, and counter-risk thresholds."
INV-BLIND-10327,ONE (Ocean Network Express),OCEAN_FREIGHT,3250.0,0.0,False,CLEAN_BASELINE,0.0,False,Immaterial variance ($0.00 < $50.00 threshold). Suppressed to avoid vendor friction.
INV-BLIND-10328,ONE (Ocean Network Express),OCEAN_FREIGHT,3250.0,3250.0,True,EXACT_DUPLICATE,3250.0,True,"Dispute meets materiality, cross-document evidence, and counter-risk thresholds."
INV-BLIND-10329,MSC Mediterranean Shipping,OCEAN_FREIGHT,3100.0,0.0,False,CLEAN_BASELINE,0.0,False,Immaterial variance ($0.00 < $50.00 threshold). Suppressed to avoid vendor friction.
INV-BLIND-10330,MSC Mediterranean Shipping,OCEAN_FREIGHT,3100.0,3100.0,True,EXACT_DUPLICATE,3100.0,True,"Dispute meets materiality, cross-document evidence, and counter-risk thresholds."
INV-BLIND-10331,Hapag-Lloyd,OCEAN_FREIGHT,3300.0,2320.0,False,CLEAN_BASELINE,0.0,False,Incomplete cross-document evidence: Secondary document verification missing.
INV-BLIND-10332,Hapag-Lloyd,OCEAN_FREIGHT,3300.0,3300.0,True,EXACT_DUPLICATE,3300.0,True,"Dispute meets materiality, cross-document evidence, and counter-risk thresholds."
INV-BLIND-10333,DP World Logistics,OCEAN_FREIGHT,3180.0,0.0,False,CLEAN_BASELINE,0.0,False,Immaterial variance ($0.00 < $50.00 threshold). Suppressed to avoid vendor friction.
INV-BLIND-10334,DP World Logistics,OCEAN_FREIGHT,3180.0,3180.0,True,EXACT_DUPLICATE,3180.0,True,"Dispute meets materiality, cross-document evidence, and counter-risk thresholds."
INV-BLIND-10335,Maersk Line,OCEAN_FREIGHT,3200.0,0.0,False,CLEAN_BASELINE,0.0,False,Immaterial variance ($0.00 < $50.00 threshold). Suppressed to avoid vendor friction.
INV-BLIND-10336,Maersk Line,OCEAN_FREIGHT,3200.0,3200.0,True,EXACT_DUPLICATE,3200.0,True,"Dispute meets materiality, cross-document evidence, and counter-risk thresholds."
INV-BLIND-10337,DP World Logistics,OCEAN_FREIGHT,3180.0,2250.0,False,CLEAN_BASELINE,0.0,False,Incomplete cross-document evidence: Secondary document verification missing.
INV-BLIND-10338,DP World Logistics,OCEAN_FREIGHT,3180.0,3180.0,True,EXACT_DUPLICATE,3180.0,True,"Dispute meets materiality, cross-document evidence, and counter-risk thresholds."
INV-BLIND-10339,CMA CGM,OCEAN_FREIGHT,3150.0,0.0,False,CLEAN_BASELINE,0.0,False,Immaterial variance ($0.00 < $50.00 threshold). Suppressed to avoid vendor friction.
INV-BLIND-10340,CMA CGM,OCEAN_FREIGHT,3150.0,3150.0,True,EXACT_DUPLICATE,3150.0,True,"Dispute meets materiality, cross-document evidence, and counter-risk thresholds."
INV-BLIND-10341,Maersk Line,OCEAN_FREIGHT,3200.0,0.0,False,CLEAN_BASELINE,0.0,False,Immaterial variance ($0.00 < $50.00 threshold). Suppressed to avoid vendor friction.
INV-BLIND-10342,Maersk Line,OCEAN_FREIGHT,3200.0,3200.0,True,EXACT_DUPLICATE,3200.0,True,"Dispute meets materiality, cross-document evidence, and counter-risk thresholds."
INV-BLIND-10343,CMA CGM,OCEAN_FREIGHT,3150.0,350.0,False,CLEAN_BASELINE,0.0,False,Incomplete cross-document evidence: Secondary document verification missing.
INV-BLIND-10344,CMA CGM,OCEAN_FREIGHT,3150.0,3150.0,True,EXACT_DUPLICATE,3150.0,True,"Dispute meets materiality, cross-document evidence, and counter-risk thresholds."
INV-BLIND-10345,MSC Mediterranean Shipping,OCEAN_FREIGHT,3100.0,1050.0,False,CLEAN_BASELINE,0.0,False,Incomplete cross-document evidence: Secondary document verification missing.
INV-BLIND-10346,MSC Mediterranean Shipping,OCEAN_FREIGHT,3100.0,3100.0,True,EXACT_DUPLICATE,3100.0,True,"Dispute meets materiality, cross-document evidence, and counter-risk thresholds."
INV-BLIND-10347,ONE (Ocean Network Express),OCEAN_FREIGHT,3250.0,0.0,False,CLEAN_BASELINE,0.0,False,Immaterial variance ($0.00 < $50.00 threshold). Suppressed to avoid vendor friction.
INV-BLIND-10348,ONE (Ocean Network Express),OCEAN_FREIGHT,3250.0,3250.0,True,EXACT_DUPLICATE,3250.0,True,"Dispute meets materiality, cross-document evidence, and counter-risk thresholds."
INV-BLIND-10349,MSC Mediterranean Shipping,OCEAN_FREIGHT,3100.0,0.0,False,CLEAN_BASELINE,0.0,False,Immaterial variance ($0.00 < $50.00 threshold). Suppressed to avoid vendor friction.
INV-BLIND-10350,MSC Mediterranean Shipping,OCEAN_FREIGHT,3100.0,3100.0,True,EXACT_DUPLICATE,3100.0,True,"Dispute meets materiality, cross-document evidence, and counter-risk thresholds."
INV-BLIND-10351,ONE (Ocean Network Express),OCEAN_FREIGHT,3250.0,0.0,False,CLEAN_BASELINE,0.0,False,Immaterial variance ($0.00 < $50.00 threshold). Suppressed to avoid vendor friction.
INV-BLIND-10352,ONE (Ocean Network Express),OCEAN_FREIGHT,3250.0,3250.0,True,EXACT_DUPLICATE,3250.0,True,"Dispute meets materiality, cross-document evidence, and counter-risk thresholds."
INV-BLIND-10353,Maersk Line,OCEAN_FREIGHT,3200.0,0.0,False,CLEAN_BASELINE,0.0,False,Immaterial variance ($0.00 < $50.00 threshold). Suppressed to avoid vendor friction.
INV-BLIND-10354,Maersk Line,OCEAN_FREIGHT,3200.0,3200.0,True,EXACT_DUPLICATE,3200.0,True,"Dispute meets materiality, cross-document evidence, and counter-risk thresholds."
INV-BLIND-10355,Maersk Line,OCEAN_FREIGHT,3200.0,0.0,False,CLEAN_BASELINE,0.0,False,Immaterial variance ($0.00 < $50.00 threshold). Suppressed to avoid vendor friction.
INV-BLIND-10356,Maersk Line,OCEAN_FREIGHT,3200.0,3200.0,True,EXACT_DUPLICATE,3200.0,True,"Dispute meets materiality, cross-document evidence, and counter-risk thresholds."
INV-BLIND-10357,Maersk Line,OCEAN_FREIGHT,3200.0,0.0,False,CLEAN_BASELINE,0.0,False,Immaterial variance ($0.00 < $50.00 threshold). Suppressed to avoid vendor friction.
INV-BLIND-10358,Maersk Line,OCEAN_FREIGHT,3200.0,3200.0,True,EXACT_DUPLICATE,3200.0,True,"Dispute meets materiality, cross-document evidence, and counter-risk thresholds."
INV-BLIND-10359,Evergreen Marine,OCEAN_FREIGHT,3050.0,0.0,False,CLEAN_BASELINE,0.0,False,Immaterial variance ($0.00 < $50.00 threshold). Suppressed to avoid vendor friction.
INV-BLIND-10360,Evergreen Marine,OCEAN_FREIGHT,3050.0,3050.0,True,EXACT_DUPLICATE,3050.0,True,"Dispute meets materiality, cross-document evidence, and counter-risk thresholds."
INV-BLIND-10361,ONE (Ocean Network Express),OCEAN_FREIGHT,3250.0,0.0,False,CLEAN_BASELINE,0.0,False,Immaterial variance ($0.00 < $50.00 threshold). Suppressed to avoid vendor friction.
INV-BLIND-10362,ONE (Ocean Network Express),OCEAN_FREIGHT,3250.0,3250.0,True,EXACT_DUPLICATE,3250.0,True,"Dispute meets materiality, cross-document evidence, and counter-risk thresholds."
INV-BLIND-10363,MSC Mediterranean Shipping,OCEAN_FREIGHT,3100.0,1050.0,False,CLEAN_BASELINE,0.0,False,Incomplete cross-document evidence: Secondary document verification missing.
INV-BLIND-10364,MSC Mediterranean Shipping,OCEAN_FREIGHT,3100.0,3100.0,True,EXACT_DUPLICATE,3100.0,True,"Dispute meets materiality, cross-document evidence, and counter-risk thresholds."
INV-BLIND-10365,Maersk Line,OCEAN_FREIGHT,3200.0,350.0,False,CLEAN_BASELINE,0.0,False,Incomplete cross-document evidence: Secondary document verification missing.
INV-BLIND-10366,Maersk Line,OCEAN_FREIGHT,3200.0,3200.0,True,EXACT_DUPLICATE,3200.0,True,"Dispute meets materiality, cross-document evidence, and counter-risk thresholds."
INV-BLIND-10367,DP World Logistics,OCEAN_FREIGHT,3180.0,0.0,False,CLEAN_BASELINE,0.0,False,Immaterial variance ($0.00 < $50.00 threshold). Suppressed to avoid vendor friction.
INV-BLIND-10368,DP World Logistics,OCEAN_FREIGHT,3180.0,3180.0,True,EXACT_DUPLICATE,3180.0,True,"Dispute meets materiality, cross-document evidence, and counter-risk thresholds."
INV-BLIND-10369,MSC Mediterranean Shipping,OCEAN_FREIGHT,3100.0,350.0,False,CLEAN_BASELINE,0.0,False,Incomplete cross-document evidence: Secondary document verification missing.
INV-BLIND-10370,MSC Mediterranean Shipping,OCEAN_FREIGHT,3100.0,3100.0,True,EXACT_DUPLICATE,3100.0,True,"Dispute meets materiality, cross-document evidence, and counter-risk thresholds."
INV-BLIND-10371,MSC Mediterranean Shipping,OCEAN_FREIGHT,3100.0,1050.0,False,CLEAN_BASELINE,0.0,False,Incomplete cross-document evidence: Secondary document verification missing.
INV-BLIND-10372,MSC Mediterranean Shipping,OCEAN_FREIGHT,3100.0,3100.0,True,EXACT_DUPLICATE,3100.0,True,"Dispute meets materiality, cross-document evidence, and counter-risk thresholds."
INV-BLIND-10373,Hapag-Lloyd,OCEAN_FREIGHT,3300.0,0.0,False,CLEAN_BASELINE,0.0,False,Immaterial variance ($0.00 < $50.00 threshold). Suppressed to avoid vendor friction.
INV-BLIND-10374,Hapag-Lloyd,OCEAN_FREIGHT,3300.0,3300.0,True,EXACT_DUPLICATE,3300.0,True,"Dispute meets materiality, cross-document evidence, and counter-risk thresholds."
INV-BLIND-10375,Evergreen Marine,OCEAN_FREIGHT,3050.0,0.0,False,CLEAN_BASELINE,0.0,False,Immaterial variance ($0.00 < $50.00 threshold). Suppressed to avoid vendor friction.
INV-BLIND-10376,Evergreen Marine,OCEAN_FREIGHT,3050.0,3050.0,True,EXACT_DUPLICATE,3050.0,True,"Dispute meets materiality, cross-document evidence, and counter-risk thresholds."
INV-BLIND-10377,Maersk Line,OCEAN_FREIGHT,3200.0,350.0,False,CLEAN_BASELINE,0.0,False,Incomplete cross-document evidence: Secondary document verification missing.
INV-BLIND-10378,Maersk Line,OCEAN_FREIGHT,3200.0,3200.0,True,EXACT_DUPLICATE,3200.0,True,"Dispute meets materiality, cross-document evidence, and counter-risk thresholds."
INV-BLIND-10379,Evergreen Marine,OCEAN_FREIGHT,3050.0,0.0,False,CLEAN_BASELINE,0.0,False,Immaterial variance ($0.00 < $50.00 threshold). Suppressed to avoid vendor friction.
INV-BLIND-10380,Evergreen Marine,OCEAN_FREIGHT,3050.0,3050.0,True,EXACT_DUPLICATE,3050.0,True,"Dispute meets materiality, cross-document evidence, and counter-risk thresholds."
INV-BLIND-10381,CMA CGM,OCEAN_FREIGHT,3150.0,0.0,False,CLEAN_BASELINE,0.0,False,Immaterial variance ($0.00 < $50.00 threshold). Suppressed to avoid vendor friction.
INV-BLIND-10382,CMA CGM,OCEAN_FREIGHT,3150.0,3150.0,True,EXACT_DUPLICATE,3150.0,True,"Dispute meets materiality, cross-document evidence, and counter-risk thresholds."
INV-BLIND-10383,DP World Logistics,OCEAN_FREIGHT,3180.0,1090.0,False,CLEAN_BASELINE,0.0,False,Incomplete cross-document evidence: Secondary document verification missing.
INV-BLIND-10384,DP World Logistics,OCEAN_FREIGHT,3180.0,3180.0,True,EXACT_DUPLICATE,3180.0,True,"Dispute meets materiality, cross-document evidence, and counter-risk thresholds."
INV-BLIND-10385,ONE (Ocean Network Express),OCEAN_FREIGHT,3250.0,0.0,False,CLEAN_BASELINE,0.0,False,Immaterial variance ($0.00 < $50.00 threshold). Suppressed to avoid vendor friction.
INV-BLIND-10386,ONE (Ocean Network Express),OCEAN_FREIGHT,3250.0,3250.0,True,EXACT_DUPLICATE,3250.0,True,"Dispute meets materiality, cross-document evidence, and counter-risk thresholds."
INV-BLIND-10387,Maersk Line,OCEAN_FREIGHT,3200.0,2250.0,False,CLEAN_BASELINE,0.0,False,Incomplete cross-document evidence: Secondary document verification missing.
INV-BLIND-10388,Maersk Line,OCEAN_FREIGHT,3200.0,3200.0,True,EXACT_DUPLICATE,3200.0,True,"Dispute meets materiality, cross-document evidence, and counter-risk thresholds."
INV-BLIND-10389,Maersk Line,OCEAN_FREIGHT,3200.0,0.0,False,CLEAN_BASELINE,0.0,False,Immaterial variance ($0.00 < $50.00 threshold). Suppressed to avoid vendor friction.
INV-BLIND-10390,Maersk Line,OCEAN_FREIGHT,3200.0,3200.0,True,EXACT_DUPLICATE,3200.0,True,"Dispute meets materiality, cross-document evidence, and counter-risk thresholds."
INV-BLIND-10391,CMA CGM,OCEAN_FREIGHT,3150.0,350.0,False,CLEAN_BASELINE,0.0,False,Incomplete cross-document evidence: Secondary document verification missing.
INV-BLIND-10392,CMA CGM,OCEAN_FREIGHT,3150.0,3150.0,True,EXACT_DUPLICATE,3150.0,True,"Dispute meets materiality, cross-document evidence, and counter-risk thresholds."
INV-BLIND-10393,CMA CGM,OCEAN_FREIGHT,3150.0,1070.0,False,CLEAN_BASELINE,0.0,False,Incomplete cross-document evidence: Secondary document verification missing.
INV-BLIND-10394,CMA CGM,OCEAN_FREIGHT,3150.0,3150.0,True,EXACT_DUPLICATE,3150.0,True,"Dispute meets materiality, cross-document evidence, and counter-risk thresholds."
INV-BLIND-10395,DP World Logistics,OCEAN_FREIGHT,3180.0,360.0,False,CLEAN_BASELINE,0.0,False,Incomplete cross-document evidence: Secondary document verification missing.
INV-BLIND-10396,DP World Logistics,OCEAN_FREIGHT,3180.0,3180.0,True,EXACT_DUPLICATE,3180.0,True,"Dispute meets materiality, cross-document evidence, and counter-risk thresholds."
INV-BLIND-10397,Maersk Line,OCEAN_FREIGHT,3200.0,0.0,False,CLEAN_BASELINE,0.0,False,Immaterial variance ($0.00 < $50.00 threshold). Suppressed to avoid vendor friction.
INV-BLIND-10398,Maersk Line,OCEAN_FREIGHT,3200.0,3200.0,True,EXACT_DUPLICATE,3200.0,True,"Dispute meets materiality, cross-document evidence, and counter-risk thresholds."
INV-BLIND-10399,CMA CGM,OCEAN_FREIGHT,3150.0,2230.0,False,CLEAN_BASELINE,0.0,False,Incomplete cross-document evidence: Secondary document verification missing.
INV-BLIND-10400,CMA CGM,OCEAN_FREIGHT,3150.0,3150.0,True,EXACT_DUPLICATE,3150.0,True,"Dispute meets materiality, cross-document evidence, and counter-risk thresholds."
INV-BLIND-10401,Hapag-Lloyd,OCEAN_FREIGHT,3300.0,2320.0,False,CLEAN_BASELINE,0.0,False,Incomplete cross-document evidence: Secondary document verification missing.
INV-BLIND-10402,Hapag-Lloyd,OCEAN_FREIGHT,3300.0,3300.0,True,EXACT_DUPLICATE,3300.0,True,"Dispute meets materiality, cross-document evidence, and counter-risk thresholds."
INV-BLIND-10403,CMA CGM,OCEAN_FREIGHT,3150.0,0.0,False,CLEAN_BASELINE,0.0,False,Immaterial variance ($0.00 < $50.00 threshold). Suppressed to avoid vendor friction.
INV-BLIND-10404,CMA CGM,OCEAN_FREIGHT,3150.0,3150.0,True,EXACT_DUPLICATE,3150.0,True,"Dispute meets materiality, cross-document evidence, and counter-risk thresholds."
INV-BLIND-10405,DP World Logistics,OCEAN_FREIGHT,3180.0,360.0,False,CLEAN_BASELINE,0.0,False,Incomplete cross-document evidence: Secondary document verification missing.
INV-BLIND-10406,DP World Logistics,OCEAN_FREIGHT,3180.0,3180.0,True,EXACT_DUPLICATE,3180.0,True,"Dispute meets materiality, cross-document evidence, and counter-risk thresholds."
INV-BLIND-10407,ONE (Ocean Network Express),OCEAN_FREIGHT,3250.0,0.0,False,CLEAN_BASELINE,0.0,False,Immaterial variance ($0.00 < $50.00 threshold). Suppressed to avoid vendor friction.
INV-BLIND-10408,ONE (Ocean Network Express),OCEAN_FREIGHT,3250.0,3250.0,True,EXACT_DUPLICATE,3250.0,True,"Dispute meets materiality, cross-document evidence, and counter-risk thresholds."
INV-BLIND-10409,Maersk Line,OCEAN_FREIGHT,3200.0,350.0,False,CLEAN_BASELINE,0.0,False,Incomplete cross-document evidence: Secondary document verification missing.
INV-BLIND-10410,Maersk Line,OCEAN_FREIGHT,3200.0,3200.0,True,EXACT_DUPLICATE,3200.0,True,"Dispute meets materiality, cross-document evidence, and counter-risk thresholds."
INV-BLIND-10411,Hapag-Lloyd,OCEAN_FREIGHT,3300.0,0.0,False,CLEAN_BASELINE,0.0,False,Immaterial variance ($0.00 < $50.00 threshold). Suppressed to avoid vendor friction.
INV-BLIND-10412,Hapag-Lloyd,OCEAN_FREIGHT,3300.0,3300.0,True,EXACT_DUPLICATE,3300.0,True,"Dispute meets materiality, cross-document evidence, and counter-risk thresholds."
INV-BLIND-10413,Maersk Line,OCEAN_FREIGHT,3200.0,0.0,False,CLEAN_BASELINE,0.0,False,Immaterial variance ($0.00 < $50.00 threshold). Suppressed to avoid vendor friction.
INV-BLIND-10414,Maersk Line,OCEAN_FREIGHT,3200.0,3200.0,True,EXACT_DUPLICATE,3200.0,True,"Dispute meets materiality, cross-document evidence, and counter-risk thresholds."
INV-BLIND-10415,MSC Mediterranean Shipping,OCEAN_FREIGHT,3100.0,2200.0,False,CLEAN_BASELINE,0.0,False,Incomplete cross-document evidence: Secondary document verification missing.
INV-BLIND-10416,MSC Mediterranean Shipping,OCEAN_FREIGHT,3100.0,3100.0,True,EXACT_DUPLICATE,3100.0,True,"Dispute meets materiality, cross-document evidence, and counter-risk thresholds."
INV-BLIND-10417,MSC Mediterranean Shipping,OCEAN_FREIGHT,3100.0,350.0,False,CLEAN_BASELINE,0.0,False,Incomplete cross-document evidence: Secondary document verification missing.
INV-BLIND-10418,MSC Mediterranean Shipping,OCEAN_FREIGHT,3100.0,3100.0,True,EXACT_DUPLICATE,3100.0,True,"Dispute meets materiality, cross-document evidence, and counter-risk thresholds."
INV-BLIND-10419,CMA CGM,OCEAN_FREIGHT,3150.0,1070.0,False,CLEAN_BASELINE,0.0,False,Incomplete cross-document evidence: Secondary document verification missing.
INV-BLIND-10420,CMA CGM,OCEAN_FREIGHT,3150.0,3150.0,True,EXACT_DUPLICATE,3150.0,True,"Dispute meets materiality, cross-document evidence, and counter-risk thresholds."
INV-BLIND-10421,Hapag-Lloyd,OCEAN_FREIGHT,3300.0,0.0,False,CLEAN_BASELINE,0.0,False,Immaterial variance ($0.00 < $50.00 threshold). Suppressed to avoid vendor friction.
INV-BLIND-10422,Hapag-Lloyd,OCEAN_FREIGHT,3300.0,3300.0,True,EXACT_DUPLICATE,3300.0,True,"Dispute meets materiality, cross-document evidence, and counter-risk thresholds."
INV-BLIND-10423,MSC Mediterranean Shipping,OCEAN_FREIGHT,3100.0,0.0,False,CLEAN_BASELINE,0.0,False,Immaterial variance ($0.00 < $50.00 threshold). Suppressed to avoid vendor friction.
INV-BLIND-10424,MSC Mediterranean Shipping,OCEAN_FREIGHT,3100.0,3100.0,True,EXACT_DUPLICATE,3100.0,True,"Dispute meets materiality, cross-document evidence, and counter-risk thresholds."
INV-BLIND-10425,CMA CGM,OCEAN_FREIGHT,3150.0,1070.0,False,CLEAN_BASELINE,0.0,False,Incomplete cross-document evidence: Secondary document verification missing.
INV-BLIND-10426,CMA CGM,OCEAN_FREIGHT,3150.0,3150.0,True,EXACT_DUPLICATE,3150.0,True,"Dispute meets materiality, cross-document evidence, and counter-risk thresholds."
INV-BLIND-10427,ONE (Ocean Network Express),OCEAN_FREIGHT,3250.0,0.0,False,CLEAN_BASELINE,0.0,False,Immaterial variance ($0.00 < $50.00 threshold). Suppressed to avoid vendor friction.
INV-BLIND-10428,ONE (Ocean Network Express),OCEAN_FREIGHT,3250.0,3250.0,True,EXACT_DUPLICATE,3250.0,True,"Dispute meets materiality, cross-document evidence, and counter-risk thresholds."
INV-BLIND-10429,Hapag-Lloyd,OCEAN_FREIGHT,3300.0,0.0,False,CLEAN_BASELINE,0.0,False,Immaterial variance ($0.00 < $50.00 threshold). Suppressed to avoid vendor friction.
INV-BLIND-10430,Hapag-Lloyd,OCEAN_FREIGHT,3300.0,3300.0,True,EXACT_DUPLICATE,3300.0,True,"Dispute meets materiality, cross-document evidence, and counter-risk thresholds."
INV-BLIND-10431,CMA CGM,OCEAN_FREIGHT,3150.0,1070.0,False,CLEAN_BASELINE,0.0,False,Incomplete cross-document evidence: Secondary document verification missing.
INV-BLIND-10432,CMA CGM,OCEAN_FREIGHT,3150.0,3150.0,True,EXACT_DUPLICATE,3150.0,True,"Dispute meets materiality, cross-document evidence, and counter-risk thresholds."
INV-BLIND-10433,ONE (Ocean Network Express),OCEAN_FREIGHT,3250.0,0.0,False,CLEAN_BASELINE,0.0,False,Immaterial variance ($0.00 < $50.00 threshold). Suppressed to avoid vendor friction.
INV-BLIND-10434,ONE (Ocean Network Express),OCEAN_FREIGHT,3250.0,3250.0,True,EXACT_DUPLICATE,3250.0,True,"Dispute meets materiality, cross-document evidence, and counter-risk thresholds."
INV-BLIND-10435,MSC Mediterranean Shipping,OCEAN_FREIGHT,3100.0,350.0,False,CLEAN_BASELINE,0.0,False,Incomplete cross-document evidence: Secondary document verification missing.
INV-BLIND-10436,MSC Mediterranean Shipping,OCEAN_FREIGHT,3100.0,3100.0,True,EXACT_DUPLICATE,3100.0,True,"Dispute meets materiality, cross-document evidence, and counter-risk thresholds."
INV-BLIND-10437,Maersk Line,OCEAN_FREIGHT,3200.0,1100.0,False,CLEAN_BASELINE,0.0,False,Incomplete cross-document evidence: Secondary document verification missing.
INV-BLIND-10438,Maersk Line,OCEAN_FREIGHT,3200.0,3200.0,True,EXACT_DUPLICATE,3200.0,True,"Dispute meets materiality, cross-document evidence, and counter-risk thresholds."
INV-BLIND-10439,MSC Mediterranean Shipping,OCEAN_FREIGHT,3100.0,2200.0,False,CLEAN_BASELINE,0.0,False,Incomplete cross-document evidence: Secondary document verification missing.
INV-BLIND-10440,MSC Mediterranean Shipping,OCEAN_FREIGHT,3100.0,3100.0,True,EXACT_DUPLICATE,3100.0,True,"Dispute meets materiality, cross-document evidence, and counter-risk thresholds."
INV-BLIND-10441,DP World Logistics,OCEAN_FREIGHT,3180.0,0.0,False,CLEAN_BASELINE,0.0,False,Immaterial variance ($0.00 < $50.00 threshold). Suppressed to avoid vendor friction.
INV-BLIND-10442,DP World Logistics,OCEAN_FREIGHT,3180.0,3180.0,True,EXACT_DUPLICATE,3180.0,True,"Dispute meets materiality, cross-document evidence, and counter-risk thresholds."
INV-BLIND-10443,CMA CGM,OCEAN_FREIGHT,3150.0,0.0,False,CLEAN_BASELINE,0.0,False,Immaterial variance ($0.00 < $50.00 threshold). Suppressed to avoid vendor friction.
INV-BLIND-10444,CMA CGM,OCEAN_FREIGHT,3150.0,3150.0,True,EXACT_DUPLICATE,3150.0,True,"Dispute meets materiality, cross-document evidence, and counter-risk thresholds."
INV-BLIND-10445,CMA CGM,OCEAN_FREIGHT,3150.0,350.0,False,CLEAN_BASELINE,0.0,False,Incomplete cross-document evidence: Secondary document verification missing.
INV-BLIND-10446,CMA CGM,OCEAN_FREIGHT,3150.0,3150.0,True,EXACT_DUPLICATE,3150.0,True,"Dispute meets materiality, cross-document evidence, and counter-risk thresholds."
INV-BLIND-10447,Evergreen Marine,OCEAN_FREIGHT,3050.0,0.0,False,CLEAN_BASELINE,0.0,False,Immaterial variance ($0.00 < $50.00 threshold). Suppressed to avoid vendor friction.
INV-BLIND-10448,Evergreen Marine,OCEAN_FREIGHT,3050.0,3050.0,True,EXACT_DUPLICATE,3050.0,True,"Dispute meets materiality, cross-document evidence, and counter-risk thresholds."
INV-BLIND-10449,CMA CGM,OCEAN_FREIGHT,3150.0,2230.0,False,CLEAN_BASELINE,0.0,False,Incomplete cross-document evidence: Secondary document verification missing.
INV-BLIND-10450,CMA CGM,OCEAN_FREIGHT,3150.0,3150.0,True,EXACT_DUPLICATE,3150.0,True,"Dispute meets materiality, cross-document evidence, and counter-risk thresholds."
INV-BLIND-10451,ONE (Ocean Network Express),OCEAN_FREIGHT,3250.0,0.0,False,CLEAN_BASELINE,0.0,False,Immaterial variance ($0.00 < $50.00 threshold). Suppressed to avoid vendor friction.
INV-BLIND-10452,ONE (Ocean Network Express),OCEAN_FREIGHT,3250.0,3250.0,True,EXACT_DUPLICATE,3250.0,True,"Dispute meets materiality, cross-document evidence, and counter-risk thresholds."
INV-BLIND-10453,ONE (Ocean Network Express),OCEAN_FREIGHT,3250.0,0.0,False,CLEAN_BASELINE,0.0,False,Immaterial variance ($0.00 < $50.00 threshold). Suppressed to avoid vendor friction.
INV-BLIND-10454,ONE (Ocean Network Express),OCEAN_FREIGHT,3250.0,3250.0,True,EXACT_DUPLICATE,3250.0,True,"Dispute meets materiality, cross-document evidence, and counter-risk thresholds."
INV-BLIND-10455,Maersk Line,OCEAN_FREIGHT,3200.0,0.0,False,CLEAN_BASELINE,0.0,False,Immaterial variance ($0.00 < $50.00 threshold). Suppressed to avoid vendor friction.
INV-BLIND-10456,Maersk Line,OCEAN_FREIGHT,3200.0,3200.0,True,EXACT_DUPLICATE,3200.0,True,"Dispute meets materiality, cross-document evidence, and counter-risk thresholds."
INV-BLIND-10457,MSC Mediterranean Shipping,OCEAN_FREIGHT,3100.0,2200.0,False,CLEAN_BASELINE,0.0,False,Incomplete cross-document evidence: Secondary document verification missing.
INV-BLIND-10458,MSC Mediterranean Shipping,OCEAN_FREIGHT,3100.0,3100.0,True,EXACT_DUPLICATE,3100.0,True,"Dispute meets materiality, cross-document evidence, and counter-risk thresholds."
INV-BLIND-10459,MSC Mediterranean Shipping,OCEAN_FREIGHT,3100.0,0.0,False,CLEAN_BASELINE,0.0,False,Immaterial variance ($0.00 < $50.00 threshold). Suppressed to avoid vendor friction.
INV-BLIND-10460,MSC Mediterranean Shipping,OCEAN_FREIGHT,3100.0,3100.0,True,EXACT_DUPLICATE,3100.0,True,"Dispute meets materiality, cross-document evidence, and counter-risk thresholds."
INV-BLIND-10461,Maersk Line,OCEAN_FREIGHT,3200.0,350.0,False,CLEAN_BASELINE,0.0,False,Incomplete cross-document evidence: Secondary document verification missing.
INV-BLIND-10462,Maersk Line,OCEAN_FREIGHT,3200.0,3200.0,True,EXACT_DUPLICATE,3200.0,True,"Dispute meets materiality, cross-document evidence, and counter-risk thresholds."
INV-BLIND-10463,Maersk Line,OCEAN_FREIGHT,3200.0,0.0,False,CLEAN_BASELINE,0.0,False,Immaterial variance ($0.00 < $50.00 threshold). Suppressed to avoid vendor friction.
INV-BLIND-10464,Maersk Line,OCEAN_FREIGHT,3200.0,3200.0,True,EXACT_DUPLICATE,3200.0,True,"Dispute meets materiality, cross-document evidence, and counter-risk thresholds."
INV-BLIND-10465,Maersk Line,OCEAN_FREIGHT,3200.0,1100.0,False,CLEAN_BASELINE,0.0,False,Incomplete cross-document evidence: Secondary document verification missing.
INV-BLIND-10466,Maersk Line,OCEAN_FREIGHT,3200.0,3200.0,True,EXACT_DUPLICATE,3200.0,True,"Dispute meets materiality, cross-document evidence, and counter-risk thresholds."
INV-BLIND-10467,Evergreen Marine,OCEAN_FREIGHT,3050.0,0.0,False,CLEAN_BASELINE,0.0,False,Immaterial variance ($0.00 < $50.00 threshold). Suppressed to avoid vendor friction.
INV-BLIND-10468,Evergreen Marine,OCEAN_FREIGHT,3050.0,3050.0,True,EXACT_DUPLICATE,3050.0,True,"Dispute meets materiality, cross-document evidence, and counter-risk thresholds."
INV-BLIND-10469,Hapag-Lloyd,OCEAN_FREIGHT,3300.0,0.0,False,CLEAN_BASELINE,0.0,False,Immaterial variance ($0.00 < $50.00 threshold). Suppressed to avoid vendor friction.
INV-BLIND-10470,Hapag-Lloyd,OCEAN_FREIGHT,3300.0,3300.0,True,EXACT_DUPLICATE,3300.0,True,"Dispute meets materiality, cross-document evidence, and counter-risk thresholds."
INV-BLIND-10471,CMA CGM,OCEAN_FREIGHT,3150.0,0.0,False,CLEAN_BASELINE,0.0,False,Immaterial variance ($0.00 < $50.00 threshold). Suppressed to avoid vendor friction.
INV-BLIND-10472,CMA CGM,OCEAN_FREIGHT,3150.0,3150.0,True,EXACT_DUPLICATE,3150.0,True,"Dispute meets materiality, cross-document evidence, and counter-risk thresholds."
INV-BLIND-10473,Hapag-Lloyd,OCEAN_FREIGHT,3300.0,0.0,False,CLEAN_BASELINE,0.0,False,Immaterial variance ($0.00 < $50.00 threshold). Suppressed to avoid vendor friction.
INV-BLIND-10474,Hapag-Lloyd,OCEAN_FREIGHT,3300.0,3300.0,True,EXACT_DUPLICATE,3300.0,True,"Dispute meets materiality, cross-document evidence, and counter-risk thresholds."
INV-BLIND-10475,Maersk Line,OCEAN_FREIGHT,3200.0,2250.0,False,CLEAN_BASELINE,0.0,False,Incomplete cross-document evidence: Secondary document verification missing.
INV-BLIND-10476,Maersk Line,OCEAN_FREIGHT,3200.0,3200.0,True,EXACT_DUPLICATE,3200.0,True,"Dispute meets materiality, cross-document evidence, and counter-risk thresholds."
INV-BLIND-10477,CMA CGM,OCEAN_FREIGHT,3150.0,0.0,False,CLEAN_BASELINE,0.0,False,Immaterial variance ($0.00 < $50.00 threshold). Suppressed to avoid vendor friction.
INV-BLIND-10478,CMA CGM,OCEAN_FREIGHT,3150.0,3150.0,True,EXACT_DUPLICATE,3150.0,True,"Dispute meets materiality, cross-document evidence, and counter-risk thresholds."
INV-BLIND-10479,Evergreen Marine,OCEAN_FREIGHT,3050.0,0.0,False,CLEAN_BASELINE,0.0,False,Immaterial variance ($0.00 < $50.00 threshold). Suppressed to avoid vendor friction.
INV-BLIND-10480,Evergreen Marine,OCEAN_FREIGHT,3050.0,3050.0,True,EXACT_DUPLICATE,3050.0,True,"Dispute meets materiality, cross-document evidence, and counter-risk thresholds."
INV-BLIND-10481,Evergreen Marine,OCEAN_FREIGHT,3050.0,0.0,False,CLEAN_BASELINE,0.0,False,Immaterial variance ($0.00 < $50.00 threshold). Suppressed to avoid vendor friction.
INV-BLIND-10482,Evergreen Marine,OCEAN_FREIGHT,3050.0,3050.0,True,EXACT_DUPLICATE,3050.0,True,"Dispute meets materiality, cross-document evidence, and counter-risk thresholds."
INV-BLIND-10483,Evergreen Marine,OCEAN_FREIGHT,3050.0,0.0,False,CLEAN_BASELINE,0.0,False,Immaterial variance ($0.00 < $50.00 threshold). Suppressed to avoid vendor friction.
INV-BLIND-10484,Evergreen Marine,OCEAN_FREIGHT,3050.0,3050.0,True,EXACT_DUPLICATE,3050.0,True,"Dispute meets materiality, cross-document evidence, and counter-risk thresholds."
INV-BLIND-10485,Maersk Line,OCEAN_FREIGHT,3200.0,0.0,False,CLEAN_BASELINE,0.0,False,Immaterial variance ($0.00 < $50.00 threshold). Suppressed to avoid vendor friction.
INV-BLIND-10486,Maersk Line,OCEAN_FREIGHT,3200.0,3200.0,True,EXACT_DUPLICATE,3200.0,True,"Dispute meets materiality, cross-document evidence, and counter-risk thresholds."
INV-BLIND-10487,Evergreen Marine,OCEAN_FREIGHT,3050.0,0.0,False,CLEAN_BASELINE,0.0,False,Immaterial variance ($0.00 < $50.00 threshold). Suppressed to avoid vendor friction.
INV-BLIND-10488,Evergreen Marine,OCEAN_FREIGHT,3050.0,3050.0,True,EXACT_DUPLICATE,3050.0,True,"Dispute meets materiality, cross-document evidence, and counter-risk thresholds."
INV-BLIND-10489,DP World Logistics,OCEAN_FREIGHT,3180.0,0.0,False,CLEAN_BASELINE,0.0,False,Immaterial variance ($0.00 < $50.00 threshold). Suppressed to avoid vendor friction.
INV-BLIND-10490,DP World Logistics,OCEAN_FREIGHT,3180.0,3180.0,True,EXACT_DUPLICATE,3180.0,True,"Dispute meets materiality, cross-document evidence, and counter-risk thresholds."
INV-BLIND-10491,MSC Mediterranean Shipping,OCEAN_FREIGHT,3100.0,350.0,False,CLEAN_BASELINE,0.0,False,Incomplete cross-document evidence: Secondary document verification missing.
INV-BLIND-10492,MSC Mediterranean Shipping,OCEAN_FREIGHT,3100.0,3100.0,True,EXACT_DUPLICATE,3100.0,True,"Dispute meets materiality, cross-document evidence, and counter-risk thresholds."
INV-BLIND-10493,Maersk Line,OCEAN_FREIGHT,3200.0,0.0,False,CLEAN_BASELINE,0.0,False,Immaterial variance ($0.00 < $50.00 threshold). Suppressed to avoid vendor friction.
INV-BLIND-10494,Maersk Line,OCEAN_FREIGHT,3200.0,3200.0,True,EXACT_DUPLICATE,3200.0,True,"Dispute meets materiality, cross-document evidence, and counter-risk thresholds."
INV-BLIND-10495,CMA CGM,OCEAN_FREIGHT,3150.0,350.0,False,CLEAN_BASELINE,0.0,False,Incomplete cross-document evidence: Secondary document verification missing.
INV-BLIND-10496,CMA CGM,OCEAN_FREIGHT,3150.0,3150.0,True,EXACT_DUPLICATE,3150.0,True,"Dispute meets materiality, cross-document evidence, and counter-risk thresholds."
INV-BLIND-10497,MSC Mediterranean Shipping,OCEAN_FREIGHT,3100.0,2200.0,False,CLEAN_BASELINE,0.0,False,Incomplete cross-document evidence: Secondary document verification missing.
INV-BLIND-10498,MSC Mediterranean Shipping,OCEAN_FREIGHT,3100.0,3100.0,True,EXACT_DUPLICATE,3100.0,True,"Dispute meets materiality, cross-document evidence, and counter-risk thresholds."
INV-BLIND-10499,DP World Logistics,OCEAN_FREIGHT,3180.0,2250.0,False,CLEAN_BASELINE,0.0,False,Incomplete cross-document evidence: Secondary document verification missing.
INV-BLIND-10500,DP World Logistics,OCEAN_FREIGHT,3180.0,3180.0,True,EXACT_DUPLICATE,3180.0,True,"Dispute meets materiality, cross-document evidence, and counter-risk thresholds."
INV-BLIND-10501,Maersk Line,OCEAN_FREIGHT,3200.0,0.0,False,CLEAN_BASELINE,0.0,False,Immaterial variance ($0.00 < $50.00 threshold). Suppressed to avoid vendor friction.
INV-BLIND-10502,Maersk Line,OCEAN_FREIGHT,3200.0,3200.0,True,SEMANTIC_DUPLICATE,3200.0,True,"Dispute meets materiality, cross-document evidence, and counter-risk thresholds."
INV-BLIND-10503,MSC Mediterranean Shipping,OCEAN_FREIGHT,3100.0,0.0,False,CLEAN_BASELINE,0.0,False,Immaterial variance ($0.00 < $50.00 threshold). Suppressed to avoid vendor friction.
INV-BLIND-10504,MSC Mediterranean Shipping,OCEAN_FREIGHT,3100.0,3100.0,True,SEMANTIC_DUPLICATE,3100.0,True,"Dispute meets materiality, cross-document evidence, and counter-risk thresholds."
INV-BLIND-10505,CMA CGM,OCEAN_FREIGHT,3150.0,350.0,False,CLEAN_BASELINE,0.0,False,Incomplete cross-document evidence: Secondary document verification missing.
INV-BLIND-10506,CMA CGM,OCEAN_FREIGHT,3150.0,3150.0,True,SEMANTIC_DUPLICATE,3150.0,True,"Dispute meets materiality, cross-document evidence, and counter-risk thresholds."
INV-BLIND-10507,Hapag-Lloyd,OCEAN_FREIGHT,3300.0,1150.0,False,CLEAN_BASELINE,0.0,False,Incomplete cross-document evidence: Secondary document verification missing.
INV-BLIND-10508,Hapag-Lloyd,OCEAN_FREIGHT,3300.0,3300.0,True,SEMANTIC_DUPLICATE,3300.0,True,"Dispute meets materiality, cross-document evidence, and counter-risk thresholds."
INV-BLIND-10509,CMA CGM,OCEAN_FREIGHT,3150.0,1070.0,False,CLEAN_BASELINE,0.0,False,Incomplete cross-document evidence: Secondary document verification missing.
INV-BLIND-10510,CMA CGM,OCEAN_FREIGHT,3150.0,3150.0,True,SEMANTIC_DUPLICATE,3150.0,True,"Dispute meets materiality, cross-document evidence, and counter-risk thresholds."
INV-BLIND-10511,DP World Logistics,OCEAN_FREIGHT,3180.0,0.0,False,CLEAN_BASELINE,0.0,False,Immaterial variance ($0.00 < $50.00 threshold). Suppressed to avoid vendor friction.
INV-BLIND-10512,DP World Logistics,OCEAN_FREIGHT,3180.0,3180.0,True,SEMANTIC_DUPLICATE,3180.0,True,"Dispute meets materiality, cross-document evidence, and counter-risk thresholds."
INV-BLIND-10513,Evergreen Marine,OCEAN_FREIGHT,3050.0,0.0,False,CLEAN_BASELINE,0.0,False,Immaterial variance ($0.00 < $50.00 threshold). Suppressed to avoid vendor friction.
INV-BLIND-10514,Evergreen Marine,OCEAN_FREIGHT,3050.0,3050.0,True,SEMANTIC_DUPLICATE,3050.0,True,"Dispute meets materiality, cross-document evidence, and counter-risk thresholds."
INV-BLIND-10515,Maersk Line,OCEAN_FREIGHT,3200.0,1100.0,False,CLEAN_BASELINE,0.0,False,Incomplete cross-document evidence: Secondary document verification missing.
INV-BLIND-10516,Maersk Line,OCEAN_FREIGHT,3200.0,3200.0,True,SEMANTIC_DUPLICATE,3200.0,True,"Dispute meets materiality, cross-document evidence, and counter-risk thresholds."
INV-BLIND-10517,DP World Logistics,OCEAN_FREIGHT,3180.0,2250.0,False,CLEAN_BASELINE,0.0,False,Incomplete cross-document evidence: Secondary document verification missing.
INV-BLIND-10518,DP World Logistics,OCEAN_FREIGHT,3180.0,3180.0,True,SEMANTIC_DUPLICATE,3180.0,True,"Dispute meets materiality, cross-document evidence, and counter-risk thresholds."
INV-BLIND-10519,Maersk Line,OCEAN_FREIGHT,3200.0,1100.0,False,CLEAN_BASELINE,0.0,False,Incomplete cross-document evidence: Secondary document verification missing.
INV-BLIND-10520,Maersk Line,OCEAN_FREIGHT,3200.0,3200.0,True,SEMANTIC_DUPLICATE,3200.0,True,"Dispute meets materiality, cross-document evidence, and counter-risk thresholds."
INV-BLIND-10521,Evergreen Marine,OCEAN_FREIGHT,3050.0,0.0,False,CLEAN_BASELINE,0.0,False,Immaterial variance ($0.00 < $50.00 threshold). Suppressed to avoid vendor friction.
INV-BLIND-10522,Evergreen Marine,OCEAN_FREIGHT,3050.0,3050.0,True,SEMANTIC_DUPLICATE,3050.0,True,"Dispute meets materiality, cross-document evidence, and counter-risk thresholds."
INV-BLIND-10523,ONE (Ocean Network Express),OCEAN_FREIGHT,3250.0,0.0,False,CLEAN_BASELINE,0.0,False,Immaterial variance ($0.00 < $50.00 threshold). Suppressed to avoid vendor friction.
INV-BLIND-10524,ONE (Ocean Network Express),OCEAN_FREIGHT,3250.0,3250.0,True,SEMANTIC_DUPLICATE,3250.0,True,"Dispute meets materiality, cross-document evidence, and counter-risk thresholds."
INV-BLIND-10525,Hapag-Lloyd,OCEAN_FREIGHT,3300.0,1150.0,False,CLEAN_BASELINE,0.0,False,Incomplete cross-document evidence: Secondary document verification missing.
INV-BLIND-10526,Hapag-Lloyd,OCEAN_FREIGHT,3300.0,3300.0,True,SEMANTIC_DUPLICATE,3300.0,True,"Dispute meets materiality, cross-document evidence, and counter-risk thresholds."
INV-BLIND-10527,Evergreen Marine,OCEAN_FREIGHT,3050.0,0.0,False,CLEAN_BASELINE,0.0,False,Immaterial variance ($0.00 < $50.00 threshold). Suppressed to avoid vendor friction.
INV-BLIND-10528,Evergreen Marine,OCEAN_FREIGHT,3050.0,3050.0,True,SEMANTIC_DUPLICATE,3050.0,True,"Dispute meets materiality, cross-document evidence, and counter-risk thresholds."
INV-BLIND-10529,Hapag-Lloyd,OCEAN_FREIGHT,3300.0,400.0,False,CLEAN_BASELINE,0.0,False,Incomplete cross-document evidence: Secondary document verification missing.
INV-BLIND-10530,Hapag-Lloyd,OCEAN_FREIGHT,3300.0,3300.0,True,SEMANTIC_DUPLICATE,3300.0,True,"Dispute meets materiality, cross-document evidence, and counter-risk thresholds."
INV-BLIND-10531,CMA CGM,OCEAN_FREIGHT,3150.0,0.0,False,CLEAN_BASELINE,0.0,False,Immaterial variance ($0.00 < $50.00 threshold). Suppressed to avoid vendor friction.
INV-BLIND-10532,CMA CGM,OCEAN_FREIGHT,3150.0,3150.0,True,SEMANTIC_DUPLICATE,3150.0,True,"Dispute meets materiality, cross-document evidence, and counter-risk thresholds."
INV-BLIND-10533,Hapag-Lloyd,OCEAN_FREIGHT,3300.0,0.0,False,CLEAN_BASELINE,0.0,False,Immaterial variance ($0.00 < $50.00 threshold). Suppressed to avoid vendor friction.
INV-BLIND-10534,Hapag-Lloyd,OCEAN_FREIGHT,3300.0,3300.0,True,SEMANTIC_DUPLICATE,3300.0,True,"Dispute meets materiality, cross-document evidence, and counter-risk thresholds."
INV-BLIND-10535,ONE (Ocean Network Express),OCEAN_FREIGHT,3250.0,0.0,False,CLEAN_BASELINE,0.0,False,Immaterial variance ($0.00 < $50.00 threshold). Suppressed to avoid vendor friction.
INV-BLIND-10536,ONE (Ocean Network Express),OCEAN_FREIGHT,3250.0,3250.0,True,SEMANTIC_DUPLICATE,3250.0,True,"Dispute meets materiality, cross-document evidence, and counter-risk thresholds."
INV-BLIND-10537,Evergreen Marine,OCEAN_FREIGHT,3050.0,0.0,False,CLEAN_BASELINE,0.0,False,Immaterial variance ($0.00 < $50.00 threshold). Suppressed to avoid vendor friction.
INV-BLIND-10538,Evergreen Marine,OCEAN_FREIGHT,3050.0,3050.0,True,SEMANTIC_DUPLICATE,3050.0,True,"Dispute meets materiality, cross-document evidence, and counter-risk thresholds."
INV-BLIND-10539,Maersk Line,OCEAN_FREIGHT,3200.0,0.0,False,CLEAN_BASELINE,0.0,False,Immaterial variance ($0.00 < $50.00 threshold). Suppressed to avoid vendor friction.
INV-BLIND-10540,Maersk Line,OCEAN_FREIGHT,3200.0,3200.0,True,SEMANTIC_DUPLICATE,3200.0,True,"Dispute meets materiality, cross-document evidence, and counter-risk thresholds."
INV-BLIND-10541,Hapag-Lloyd,OCEAN_FREIGHT,3300.0,400.0,False,CLEAN_BASELINE,0.0,False,Incomplete cross-document evidence: Secondary document verification missing.
INV-BLIND-10542,Hapag-Lloyd,OCEAN_FREIGHT,3300.0,3300.0,True,SEMANTIC_DUPLICATE,3300.0,True,"Dispute meets materiality, cross-document evidence, and counter-risk thresholds."
INV-BLIND-10543,Hapag-Lloyd,OCEAN_FREIGHT,3300.0,2320.0,False,CLEAN_BASELINE,0.0,False,Incomplete cross-document evidence: Secondary document verification missing.
INV-BLIND-10544,Hapag-Lloyd,OCEAN_FREIGHT,3300.0,3300.0,True,SEMANTIC_DUPLICATE,3300.0,True,"Dispute meets materiality, cross-document evidence, and counter-risk thresholds."
INV-BLIND-10545,CMA CGM,OCEAN_FREIGHT,3150.0,0.0,False,CLEAN_BASELINE,0.0,False,Immaterial variance ($0.00 < $50.00 threshold). Suppressed to avoid vendor friction.
INV-BLIND-10546,CMA CGM,OCEAN_FREIGHT,3150.0,3150.0,True,SEMANTIC_DUPLICATE,3150.0,True,"Dispute meets materiality, cross-document evidence, and counter-risk thresholds."
INV-BLIND-10547,Evergreen Marine,OCEAN_FREIGHT,3050.0,0.0,False,CLEAN_BASELINE,0.0,False,Immaterial variance ($0.00 < $50.00 threshold). Suppressed to avoid vendor friction.
INV-BLIND-10548,Evergreen Marine,OCEAN_FREIGHT,3050.0,3050.0,True,SEMANTIC_DUPLICATE,3050.0,True,"Dispute meets materiality, cross-document evidence, and counter-risk thresholds."
INV-BLIND-10549,ONE (Ocean Network Express),OCEAN_FREIGHT,3250.0,0.0,False,CLEAN_BASELINE,0.0,False,Immaterial variance ($0.00 < $50.00 threshold). Suppressed to avoid vendor friction.
INV-BLIND-10550,ONE (Ocean Network Express),OCEAN_FREIGHT,3250.0,3250.0,True,SEMANTIC_DUPLICATE,3250.0,True,"Dispute meets materiality, cross-document evidence, and counter-risk thresholds."
INV-BLIND-10551,CMA CGM,OCEAN_FREIGHT,3150.0,1070.0,False,CLEAN_BASELINE,0.0,False,Incomplete cross-document evidence: Secondary document verification missing.
INV-BLIND-10552,CMA CGM,OCEAN_FREIGHT,3150.0,3150.0,True,SEMANTIC_DUPLICATE,3150.0,True,"Dispute meets materiality, cross-document evidence, and counter-risk thresholds."
INV-BLIND-10553,CMA CGM,OCEAN_FREIGHT,3150.0,350.0,False,CLEAN_BASELINE,0.0,False,Incomplete cross-document evidence: Secondary document verification missing.
INV-BLIND-10554,CMA CGM,OCEAN_FREIGHT,3150.0,3150.0,True,SEMANTIC_DUPLICATE,3150.0,True,"Dispute meets materiality, cross-document evidence, and counter-risk thresholds."
INV-BLIND-10555,CMA CGM,OCEAN_FREIGHT,3150.0,2230.0,False,CLEAN_BASELINE,0.0,False,Incomplete cross-document evidence: Secondary document verification missing.
INV-BLIND-10556,CMA CGM,OCEAN_FREIGHT,3150.0,3150.0,True,SEMANTIC_DUPLICATE,3150.0,True,"Dispute meets materiality, cross-document evidence, and counter-risk thresholds."
INV-BLIND-10557,ONE (Ocean Network Express),OCEAN_FREIGHT,3250.0,0.0,False,CLEAN_BASELINE,0.0,False,Immaterial variance ($0.00 < $50.00 threshold). Suppressed to avoid vendor friction.
INV-BLIND-10558,ONE (Ocean Network Express),OCEAN_FREIGHT,3250.0,3250.0,True,SEMANTIC_DUPLICATE,3250.0,True,"Dispute meets materiality, cross-document evidence, and counter-risk thresholds."
INV-BLIND-10559,Hapag-Lloyd,OCEAN_FREIGHT,3300.0,0.0,False,CLEAN_BASELINE,0.0,False,Immaterial variance ($0.00 < $50.00 threshold). Suppressed to avoid vendor friction.
INV-BLIND-10560,Hapag-Lloyd,OCEAN_FREIGHT,3300.0,3300.0,True,SEMANTIC_DUPLICATE,3300.0,True,"Dispute meets materiality, cross-document evidence, and counter-risk thresholds."
INV-BLIND-10561,ONE (Ocean Network Express),OCEAN_FREIGHT,3250.0,0.0,False,CLEAN_BASELINE,0.0,False,Immaterial variance ($0.00 < $50.00 threshold). Suppressed to avoid vendor friction.
INV-BLIND-10562,ONE (Ocean Network Express),OCEAN_FREIGHT,3250.0,3250.0,True,SEMANTIC_DUPLICATE,3250.0,True,"Dispute meets materiality, cross-document evidence, and counter-risk thresholds."
INV-BLIND-10563,Maersk Line,OCEAN_FREIGHT,3200.0,0.0,False,CLEAN_BASELINE,0.0,False,Immaterial variance ($0.00 < $50.00 threshold). Suppressed to avoid vendor friction.
INV-BLIND-10564,Maersk Line,OCEAN_FREIGHT,3200.0,3200.0,True,SEMANTIC_DUPLICATE,3200.0,True,"Dispute meets materiality, cross-document evidence, and counter-risk thresholds."
INV-BLIND-10565,ONE (Ocean Network Express),OCEAN_FREIGHT,3250.0,0.0,False,CLEAN_BASELINE,0.0,False,Immaterial variance ($0.00 < $50.00 threshold). Suppressed to avoid vendor friction.
INV-BLIND-10566,ONE (Ocean Network Express),OCEAN_FREIGHT,3250.0,3250.0,True,SEMANTIC_DUPLICATE,3250.0,True,"Dispute meets materiality, cross-document evidence, and counter-risk thresholds."
INV-BLIND-10567,Evergreen Marine,OCEAN_FREIGHT,3050.0,0.0,False,CLEAN_BASELINE,0.0,False,Immaterial variance ($0.00 < $50.00 threshold). Suppressed to avoid vendor friction.
INV-BLIND-10568,Evergreen Marine,OCEAN_FREIGHT,3050.0,3050.0,True,SEMANTIC_DUPLICATE,3050.0,True,"Dispute meets materiality, cross-document evidence, and counter-risk thresholds."
INV-BLIND-10569,Evergreen Marine,OCEAN_FREIGHT,3050.0,0.0,False,CLEAN_BASELINE,0.0,False,Immaterial variance ($0.00 < $50.00 threshold). Suppressed to avoid vendor friction.
INV-BLIND-10570,Evergreen Marine,OCEAN_FREIGHT,3050.0,3050.0,True,SEMANTIC_DUPLICATE,3050.0,True,"Dispute meets materiality, cross-document evidence, and counter-risk thresholds."
INV-BLIND-10571,Hapag-Lloyd,OCEAN_FREIGHT,3300.0,2320.0,False,CLEAN_BASELINE,0.0,False,Incomplete cross-document evidence: Secondary document verification missing.
INV-BLIND-10572,Hapag-Lloyd,OCEAN_FREIGHT,3300.0,3300.0,True,SEMANTIC_DUPLICATE,3300.0,True,"Dispute meets materiality, cross-document evidence, and counter-risk thresholds."
INV-BLIND-10573,DP World Logistics,OCEAN_FREIGHT,3180.0,0.0,False,CLEAN_BASELINE,0.0,False,Immaterial variance ($0.00 < $50.00 threshold). Suppressed to avoid vendor friction.
INV-BLIND-10574,DP World Logistics,OCEAN_FREIGHT,3180.0,3180.0,True,SEMANTIC_DUPLICATE,3180.0,True,"Dispute meets materiality, cross-document evidence, and counter-risk thresholds."
INV-BLIND-10575,CMA CGM,OCEAN_FREIGHT,3150.0,1070.0,False,CLEAN_BASELINE,0.0,False,Incomplete cross-document evidence: Secondary document verification missing.
INV-BLIND-10576,CMA CGM,OCEAN_FREIGHT,3150.0,3150.0,True,SEMANTIC_DUPLICATE,3150.0,True,"Dispute meets materiality, cross-document evidence, and counter-risk thresholds."
INV-BLIND-10577,Maersk Line,OCEAN_FREIGHT,3200.0,0.0,False,CLEAN_BASELINE,0.0,False,Immaterial variance ($0.00 < $50.00 threshold). Suppressed to avoid vendor friction.
INV-BLIND-10578,Maersk Line,OCEAN_FREIGHT,3200.0,3200.0,True,SEMANTIC_DUPLICATE,3200.0,True,"Dispute meets materiality, cross-document evidence, and counter-risk thresholds."
INV-BLIND-10579,ONE (Ocean Network Express),OCEAN_FREIGHT,3250.0,0.0,False,CLEAN_BASELINE,0.0,False,Immaterial variance ($0.00 < $50.00 threshold). Suppressed to avoid vendor friction.
INV-BLIND-10580,ONE (Ocean Network Express),OCEAN_FREIGHT,3250.0,3250.0,True,SEMANTIC_DUPLICATE,3250.0,True,"Dispute meets materiality, cross-document evidence, and counter-risk thresholds."
INV-BLIND-10581,CMA CGM,OCEAN_FREIGHT,3150.0,350.0,False,CLEAN_BASELINE,0.0,False,Incomplete cross-document evidence: Secondary document verification missing.
INV-BLIND-10582,CMA CGM,OCEAN_FREIGHT,3150.0,3150.0,True,SEMANTIC_DUPLICATE,3150.0,True,"Dispute meets materiality, cross-document evidence, and counter-risk thresholds."
INV-BLIND-10583,Hapag-Lloyd,OCEAN_FREIGHT,3300.0,0.0,False,CLEAN_BASELINE,0.0,False,Immaterial variance ($0.00 < $50.00 threshold). Suppressed to avoid vendor friction.
INV-BLIND-10584,Hapag-Lloyd,OCEAN_FREIGHT,3300.0,3300.0,True,SEMANTIC_DUPLICATE,3300.0,True,"Dispute meets materiality, cross-document evidence, and counter-risk thresholds."
INV-BLIND-10585,CMA CGM,OCEAN_FREIGHT,3150.0,0.0,False,CLEAN_BASELINE,0.0,False,Immaterial variance ($0.00 < $50.00 threshold). Suppressed to avoid vendor friction.
INV-BLIND-10586,CMA CGM,OCEAN_FREIGHT,3150.0,3150.0,True,SEMANTIC_DUPLICATE,3150.0,True,"Dispute meets materiality, cross-document evidence, and counter-risk thresholds."
INV-BLIND-10587,ONE (Ocean Network Express),OCEAN_FREIGHT,3250.0,0.0,False,CLEAN_BASELINE,0.0,False,Immaterial variance ($0.00 < $50.00 threshold). Suppressed to avoid vendor friction.
INV-BLIND-10588,ONE (Ocean Network Express),OCEAN_FREIGHT,3250.0,3250.0,True,SEMANTIC_DUPLICATE,3250.0,True,"Dispute meets materiality, cross-document evidence, and counter-risk thresholds."
INV-BLIND-10589,Hapag-Lloyd,OCEAN_FREIGHT,3300.0,400.0,False,CLEAN_BASELINE,0.0,False,Incomplete cross-document evidence: Secondary document verification missing.
INV-BLIND-10590,Hapag-Lloyd,OCEAN_FREIGHT,3300.0,3300.0,True,SEMANTIC_DUPLICATE,3300.0,True,"Dispute meets materiality, cross-document evidence, and counter-risk thresholds."
INV-BLIND-10591,MSC Mediterranean Shipping,OCEAN_FREIGHT,3100.0,350.0,False,CLEAN_BASELINE,0.0,False,Incomplete cross-document evidence: Secondary document verification missing.
INV-BLIND-10592,MSC Mediterranean Shipping,OCEAN_FREIGHT,3100.0,3100.0,True,SEMANTIC_DUPLICATE,3100.0,True,"Dispute meets materiality, cross-document evidence, and counter-risk thresholds."
INV-BLIND-10593,ONE (Ocean Network Express),OCEAN_FREIGHT,3250.0,0.0,False,CLEAN_BASELINE,0.0,False,Immaterial variance ($0.00 < $50.00 threshold). Suppressed to avoid vendor friction.
INV-BLIND-10594,ONE (Ocean Network Express),OCEAN_FREIGHT,3250.0,3250.0,True,SEMANTIC_DUPLICATE,3250.0,True,"Dispute meets materiality, cross-document evidence, and counter-risk thresholds."
INV-BLIND-10595,ONE (Ocean Network Express),OCEAN_FREIGHT,3250.0,0.0,False,CLEAN_BASELINE,0.0,False,Immaterial variance ($0.00 < $50.00 threshold). Suppressed to avoid vendor friction.
INV-BLIND-10596,ONE (Ocean Network Express),OCEAN_FREIGHT,3250.0,3250.0,True,SEMANTIC_DUPLICATE,3250.0,True,"Dispute meets materiality, cross-document evidence, and counter-risk thresholds."
INV-BLIND-10597,Maersk Line,OCEAN_FREIGHT,3200.0,1100.0,False,CLEAN_BASELINE,0.0,False,Incomplete cross-document evidence: Secondary document verification missing.
INV-BLIND-10598,Maersk Line,OCEAN_FREIGHT,3200.0,3200.0,True,SEMANTIC_DUPLICATE,3200.0,True,"Dispute meets materiality, cross-document evidence, and counter-risk thresholds."
INV-BLIND-10599,MSC Mediterranean Shipping,OCEAN_FREIGHT,3100.0,0.0,False,CLEAN_BASELINE,0.0,False,Immaterial variance ($0.00 < $50.00 threshold). Suppressed to avoid vendor friction.
INV-BLIND-10600,MSC Mediterranean Shipping,OCEAN_FREIGHT,3100.0,3100.0,True,SEMANTIC_DUPLICATE,3100.0,True,"Dispute meets materiality, cross-document evidence, and counter-risk thresholds."
INV-BLIND-10601,MSC Mediterranean Shipping,OCEAN_FREIGHT,3100.0,1050.0,False,CLEAN_BASELINE,0.0,False,Incomplete cross-document evidence: Secondary document verification missing.
INV-BLIND-10602,MSC Mediterranean Shipping,OCEAN_FREIGHT,3100.0,3100.0,True,SEMANTIC_DUPLICATE,3100.0,True,"Dispute meets materiality, cross-document evidence, and counter-risk thresholds."
INV-BLIND-10603,Evergreen Marine,OCEAN_FREIGHT,3050.0,0.0,False,CLEAN_BASELINE,0.0,False,Immaterial variance ($0.00 < $50.00 threshold). Suppressed to avoid vendor friction.
INV-BLIND-10604,Evergreen Marine,OCEAN_FREIGHT,3050.0,3050.0,True,SEMANTIC_DUPLICATE,3050.0,True,"Dispute meets materiality, cross-document evidence, and counter-risk thresholds."
INV-BLIND-10605,Evergreen Marine,OCEAN_FREIGHT,3050.0,0.0,False,CLEAN_BASELINE,0.0,False,Immaterial variance ($0.00 < $50.00 threshold). Suppressed to avoid vendor friction.
INV-BLIND-10606,Evergreen Marine,OCEAN_FREIGHT,3050.0,3050.0,True,SEMANTIC_DUPLICATE,3050.0,True,"Dispute meets materiality, cross-document evidence, and counter-risk thresholds."
INV-BLIND-10607,DP World Logistics,OCEAN_FREIGHT,3180.0,0.0,False,CLEAN_BASELINE,0.0,False,Immaterial variance ($0.00 < $50.00 threshold). Suppressed to avoid vendor friction.
INV-BLIND-10608,DP World Logistics,OCEAN_FREIGHT,3180.0,3180.0,True,SEMANTIC_DUPLICATE,3180.0,True,"Dispute meets materiality, cross-document evidence, and counter-risk thresholds."
INV-BLIND-10609,MSC Mediterranean Shipping,OCEAN_FREIGHT,3100.0,0.0,False,CLEAN_BASELINE,0.0,False,Immaterial variance ($0.00 < $50.00 threshold). Suppressed to avoid vendor friction.
INV-BLIND-10610,MSC Mediterranean Shipping,OCEAN_FREIGHT,3100.0,3100.0,True,SEMANTIC_DUPLICATE,3100.0,True,"Dispute meets materiality, cross-document evidence, and counter-risk thresholds."
INV-BLIND-10611,Maersk Line,OCEAN_FREIGHT,3200.0,0.0,False,CLEAN_BASELINE,0.0,False,Immaterial variance ($0.00 < $50.00 threshold). Suppressed to avoid vendor friction.
INV-BLIND-10612,Maersk Line,OCEAN_FREIGHT,3200.0,3200.0,True,SEMANTIC_DUPLICATE,3200.0,True,"Dispute meets materiality, cross-document evidence, and counter-risk thresholds."
INV-BLIND-10613,CMA CGM,OCEAN_FREIGHT,3150.0,0.0,False,CLEAN_BASELINE,0.0,False,Immaterial variance ($0.00 < $50.00 threshold). Suppressed to avoid vendor friction.
INV-BLIND-10614,CMA CGM,OCEAN_FREIGHT,3150.0,3150.0,True,SEMANTIC_DUPLICATE,3150.0,True,"Dispute meets materiality, cross-document evidence, and counter-risk thresholds."
INV-BLIND-10615,Maersk Line,OCEAN_FREIGHT,3200.0,2250.0,False,CLEAN_BASELINE,0.0,False,Incomplete cross-document evidence: Secondary document verification missing.
INV-BLIND-10616,Maersk Line,OCEAN_FREIGHT,3200.0,3200.0,True,SEMANTIC_DUPLICATE,3200.0,True,"Dispute meets materiality, cross-document evidence, and counter-risk thresholds."
INV-BLIND-10617,Maersk Line,OCEAN_FREIGHT,3200.0,0.0,False,CLEAN_BASELINE,0.0,False,Immaterial variance ($0.00 < $50.00 threshold). Suppressed to avoid vendor friction.
INV-BLIND-10618,Maersk Line,OCEAN_FREIGHT,3200.0,3200.0,True,SEMANTIC_DUPLICATE,3200.0,True,"Dispute meets materiality, cross-document evidence, and counter-risk thresholds."
INV-BLIND-10619,MSC Mediterranean Shipping,OCEAN_FREIGHT,3100.0,0.0,False,CLEAN_BASELINE,0.0,False,Immaterial variance ($0.00 < $50.00 threshold). Suppressed to avoid vendor friction.
INV-BLIND-10620,MSC Mediterranean Shipping,OCEAN_FREIGHT,3100.0,3100.0,True,SEMANTIC_DUPLICATE,3100.0,True,"Dispute meets materiality, cross-document evidence, and counter-risk thresholds."
INV-BLIND-10621,ONE (Ocean Network Express),OCEAN_FREIGHT,3250.0,0.0,False,CLEAN_BASELINE,0.0,False,Immaterial variance ($0.00 < $50.00 threshold). Suppressed to avoid vendor friction.
INV-BLIND-10622,ONE (Ocean Network Express),OCEAN_FREIGHT,3250.0,3250.0,True,SEMANTIC_DUPLICATE,3250.0,True,"Dispute meets materiality, cross-document evidence, and counter-risk thresholds."
INV-BLIND-10623,CMA CGM,OCEAN_FREIGHT,3150.0,0.0,False,CLEAN_BASELINE,0.0,False,Immaterial variance ($0.00 < $50.00 threshold). Suppressed to avoid vendor friction.
INV-BLIND-10624,CMA CGM,OCEAN_FREIGHT,3150.0,3150.0,True,SEMANTIC_DUPLICATE,3150.0,True,"Dispute meets materiality, cross-document evidence, and counter-risk thresholds."
INV-BLIND-10625,MSC Mediterranean Shipping,OCEAN_FREIGHT,3100.0,0.0,False,CLEAN_BASELINE,0.0,False,Immaterial variance ($0.00 < $50.00 threshold). Suppressed to avoid vendor friction.
INV-BLIND-10626,MSC Mediterranean Shipping,OCEAN_FREIGHT,3100.0,3100.0,True,SEMANTIC_DUPLICATE,3100.0,True,"Dispute meets materiality, cross-document evidence, and counter-risk thresholds."
INV-BLIND-10627,ONE (Ocean Network Express),OCEAN_FREIGHT,3250.0,0.0,False,CLEAN_BASELINE,0.0,False,Immaterial variance ($0.00 < $50.00 threshold). Suppressed to avoid vendor friction.
INV-BLIND-10628,ONE (Ocean Network Express),OCEAN_FREIGHT,3250.0,3250.0,True,SEMANTIC_DUPLICATE,3250.0,True,"Dispute meets materiality, cross-document evidence, and counter-risk thresholds."
INV-BLIND-10629,DP World Logistics,OCEAN_FREIGHT,3180.0,0.0,False,CLEAN_BASELINE,0.0,False,Immaterial variance ($0.00 < $50.00 threshold). Suppressed to avoid vendor friction.
INV-BLIND-10630,DP World Logistics,OCEAN_FREIGHT,3180.0,3180.0,True,SEMANTIC_DUPLICATE,3180.0,True,"Dispute meets materiality, cross-document evidence, and counter-risk thresholds."
INV-BLIND-10631,DP World Logistics,OCEAN_FREIGHT,3180.0,0.0,False,CLEAN_BASELINE,0.0,False,Immaterial variance ($0.00 < $50.00 threshold). Suppressed to avoid vendor friction.
INV-BLIND-10632,DP World Logistics,OCEAN_FREIGHT,3180.0,3180.0,True,SEMANTIC_DUPLICATE,3180.0,True,"Dispute meets materiality, cross-document evidence, and counter-risk thresholds."
INV-BLIND-10633,Evergreen Marine,OCEAN_FREIGHT,3050.0,0.0,False,CLEAN_BASELINE,0.0,False,Immaterial variance ($0.00 < $50.00 threshold). Suppressed to avoid vendor friction.
INV-BLIND-10634,Evergreen Marine,OCEAN_FREIGHT,3050.0,3050.0,True,SEMANTIC_DUPLICATE,3050.0,True,"Dispute meets materiality, cross-document evidence, and counter-risk thresholds."
INV-BLIND-10635,DP World Logistics,OCEAN_FREIGHT,3180.0,0.0,False,CLEAN_BASELINE,0.0,False,Immaterial variance ($0.00 < $50.00 threshold). Suppressed to avoid vendor friction.
INV-BLIND-10636,DP World Logistics,OCEAN_FREIGHT,3180.0,3180.0,True,SEMANTIC_DUPLICATE,3180.0,True,"Dispute meets materiality, cross-document evidence, and counter-risk thresholds."
INV-BLIND-10637,Hapag-Lloyd,OCEAN_FREIGHT,3300.0,0.0,False,CLEAN_BASELINE,0.0,False,Immaterial variance ($0.00 < $50.00 threshold). Suppressed to avoid vendor friction.
INV-BLIND-10638,Hapag-Lloyd,OCEAN_FREIGHT,3300.0,3300.0,True,SEMANTIC_DUPLICATE,3300.0,True,"Dispute meets materiality, cross-document evidence, and counter-risk thresholds."
INV-BLIND-10639,Evergreen Marine,OCEAN_FREIGHT,3050.0,0.0,False,CLEAN_BASELINE,0.0,False,Immaterial variance ($0.00 < $50.00 threshold). Suppressed to avoid vendor friction.
INV-BLIND-10640,Evergreen Marine,OCEAN_FREIGHT,3050.0,3050.0,True,SEMANTIC_DUPLICATE,3050.0,True,"Dispute meets materiality, cross-document evidence, and counter-risk thresholds."
INV-BLIND-10641,MSC Mediterranean Shipping,OCEAN_FREIGHT,3100.0,2200.0,False,CLEAN_BASELINE,0.0,False,Incomplete cross-document evidence: Secondary document verification missing.
INV-BLIND-10642,MSC Mediterranean Shipping,OCEAN_FREIGHT,3100.0,3100.0,True,SEMANTIC_DUPLICATE,3100.0,True,"Dispute meets materiality, cross-document evidence, and counter-risk thresholds."
INV-BLIND-10643,Hapag-Lloyd,OCEAN_FREIGHT,3300.0,1150.0,False,CLEAN_BASELINE,0.0,False,Incomplete cross-document evidence: Secondary document verification missing.
INV-BLIND-10644,Hapag-Lloyd,OCEAN_FREIGHT,3300.0,3300.0,True,SEMANTIC_DUPLICATE,3300.0,True,"Dispute meets materiality, cross-document evidence, and counter-risk thresholds."
INV-BLIND-10645,Maersk Line,OCEAN_FREIGHT,3200.0,350.0,False,CLEAN_BASELINE,0.0,False,Incomplete cross-document evidence: Secondary document verification missing.
INV-BLIND-10646,Maersk Line,OCEAN_FREIGHT,3200.0,3200.0,True,SEMANTIC_DUPLICATE,3200.0,True,"Dispute meets materiality, cross-document evidence, and counter-risk thresholds."
INV-BLIND-10647,Hapag-Lloyd,OCEAN_FREIGHT,3300.0,400.0,False,CLEAN_BASELINE,0.0,False,Incomplete cross-document evidence: Secondary document verification missing.
INV-BLIND-10648,Hapag-Lloyd,OCEAN_FREIGHT,3300.0,3300.0,True,SEMANTIC_DUPLICATE,3300.0,True,"Dispute meets materiality, cross-document evidence, and counter-risk thresholds."
INV-BLIND-10649,Hapag-Lloyd,OCEAN_FREIGHT,3300.0,0.0,False,CLEAN_BASELINE,0.0,False,Immaterial variance ($0.00 < $50.00 threshold). Suppressed to avoid vendor friction.
INV-BLIND-10650,Hapag-Lloyd,OCEAN_FREIGHT,3300.0,3300.0,True,SEMANTIC_DUPLICATE,3300.0,True,"Dispute meets materiality, cross-document evidence, and counter-risk thresholds."
INV-BLIND-10651,ONE (Ocean Network Express),OCEAN_FREIGHT,3250.0,0.0,False,CLEAN_BASELINE,0.0,False,Immaterial variance ($0.00 < $50.00 threshold). Suppressed to avoid vendor friction.
INV-BLIND-10652,ONE (Ocean Network Express),OCEAN_FREIGHT,3250.0,3250.0,True,SEMANTIC_DUPLICATE,3250.0,True,"Dispute meets materiality, cross-document evidence, and counter-risk thresholds."
INV-BLIND-10653,DP World Logistics,OCEAN_FREIGHT,3180.0,0.0,False,CLEAN_BASELINE,0.0,False,Immaterial variance ($0.00 < $50.00 threshold). Suppressed to avoid vendor friction.
INV-BLIND-10654,DP World Logistics,OCEAN_FREIGHT,3180.0,3180.0,True,SEMANTIC_DUPLICATE,3180.0,True,"Dispute meets materiality, cross-document evidence, and counter-risk thresholds."
INV-BLIND-10655,Maersk Line,OCEAN_FREIGHT,3200.0,0.0,False,CLEAN_BASELINE,0.0,False,Immaterial variance ($0.00 < $50.00 threshold). Suppressed to avoid vendor friction.
INV-BLIND-10656,Maersk Line,OCEAN_FREIGHT,3200.0,3200.0,True,SEMANTIC_DUPLICATE,3200.0,True,"Dispute meets materiality, cross-document evidence, and counter-risk thresholds."
INV-BLIND-10657,Hapag-Lloyd,OCEAN_FREIGHT,3300.0,400.0,False,CLEAN_BASELINE,0.0,False,Incomplete cross-document evidence: Secondary document verification missing.
INV-BLIND-10658,Hapag-Lloyd,OCEAN_FREIGHT,3300.0,3300.0,True,SEMANTIC_DUPLICATE,3300.0,True,"Dispute meets materiality, cross-document evidence, and counter-risk thresholds."
INV-BLIND-10659,Maersk Line,OCEAN_FREIGHT,3200.0,0.0,False,CLEAN_BASELINE,0.0,False,Immaterial variance ($0.00 < $50.00 threshold). Suppressed to avoid vendor friction.
INV-BLIND-10660,Maersk Line,OCEAN_FREIGHT,3200.0,3200.0,True,SEMANTIC_DUPLICATE,3200.0,True,"Dispute meets materiality, cross-document evidence, and counter-risk thresholds."
INV-BLIND-10661,Evergreen Marine,OCEAN_FREIGHT,3050.0,0.0,False,CLEAN_BASELINE,0.0,False,Immaterial variance ($0.00 < $50.00 threshold). Suppressed to avoid vendor friction.
INV-BLIND-10662,Evergreen Marine,OCEAN_FREIGHT,3050.0,3050.0,True,SEMANTIC_DUPLICATE,3050.0,True,"Dispute meets materiality, cross-document evidence, and counter-risk thresholds."
INV-BLIND-10663,Maersk Line,OCEAN_FREIGHT,3200.0,0.0,False,CLEAN_BASELINE,0.0,False,Immaterial variance ($0.00 < $50.00 threshold). Suppressed to avoid vendor friction.
INV-BLIND-10664,Maersk Line,OCEAN_FREIGHT,3200.0,3200.0,True,SEMANTIC_DUPLICATE,3200.0,True,"Dispute meets materiality, cross-document evidence, and counter-risk thresholds."
INV-BLIND-10665,DP World Logistics,OCEAN_FREIGHT,3180.0,360.0,False,CLEAN_BASELINE,0.0,False,Incomplete cross-document evidence: Secondary document verification missing.
INV-BLIND-10666,DP World Logistics,OCEAN_FREIGHT,3180.0,3180.0,True,SEMANTIC_DUPLICATE,3180.0,True,"Dispute meets materiality, cross-document evidence, and counter-risk thresholds."
INV-BLIND-10667,CMA CGM,OCEAN_FREIGHT,3150.0,0.0,False,CLEAN_BASELINE,0.0,False,Immaterial variance ($0.00 < $50.00 threshold). Suppressed to avoid vendor friction.
INV-BLIND-10668,CMA CGM,OCEAN_FREIGHT,3150.0,3150.0,True,SEMANTIC_DUPLICATE,3150.0,True,"Dispute meets materiality, cross-document evidence, and counter-risk thresholds."
INV-BLIND-10669,Maersk Line,OCEAN_FREIGHT,3200.0,0.0,False,CLEAN_BASELINE,0.0,False,Immaterial variance ($0.00 < $50.00 threshold). Suppressed to avoid vendor friction.
INV-BLIND-10670,Maersk Line,OCEAN_FREIGHT,3200.0,3200.0,True,SEMANTIC_DUPLICATE,3200.0,True,"Dispute meets materiality, cross-document evidence, and counter-risk thresholds."
INV-BLIND-10671,CMA CGM,OCEAN_FREIGHT,3150.0,350.0,False,CLEAN_BASELINE,0.0,False,Incomplete cross-document evidence: Secondary document verification missing.
INV-BLIND-10672,CMA CGM,OCEAN_FREIGHT,3150.0,3150.0,True,SEMANTIC_DUPLICATE,3150.0,True,"Dispute meets materiality, cross-document evidence, and counter-risk thresholds."
INV-BLIND-10673,Hapag-Lloyd,OCEAN_FREIGHT,3300.0,0.0,False,CLEAN_BASELINE,0.0,False,Immaterial variance ($0.00 < $50.00 threshold). Suppressed to avoid vendor friction.
INV-BLIND-10674,Hapag-Lloyd,OCEAN_FREIGHT,3300.0,3300.0,True,SEMANTIC_DUPLICATE,3300.0,True,"Dispute meets materiality, cross-document evidence, and counter-risk thresholds."
INV-BLIND-10675,Maersk Line,OCEAN_FREIGHT,3200.0,2250.0,False,CLEAN_BASELINE,0.0,False,Incomplete cross-document evidence: Secondary document verification missing.
INV-BLIND-10676,Maersk Line,OCEAN_FREIGHT,3200.0,3200.0,True,SEMANTIC_DUPLICATE,3200.0,True,"Dispute meets materiality, cross-document evidence, and counter-risk thresholds."
INV-BLIND-10677,CMA CGM,OCEAN_FREIGHT,3150.0,0.0,False,CLEAN_BASELINE,0.0,False,Immaterial variance ($0.00 < $50.00 threshold). Suppressed to avoid vendor friction.
INV-BLIND-10678,CMA CGM,OCEAN_FREIGHT,3150.0,3150.0,True,SEMANTIC_DUPLICATE,3150.0,True,"Dispute meets materiality, cross-document evidence, and counter-risk thresholds."
INV-BLIND-10679,CMA CGM,OCEAN_FREIGHT,3150.0,0.0,False,CLEAN_BASELINE,0.0,False,Immaterial variance ($0.00 < $50.00 threshold). Suppressed to avoid vendor friction.
INV-BLIND-10680,CMA CGM,OCEAN_FREIGHT,3150.0,3150.0,True,SEMANTIC_DUPLICATE,3150.0,True,"Dispute meets materiality, cross-document evidence, and counter-risk thresholds."
INV-BLIND-10681,Evergreen Marine,OCEAN_FREIGHT,3050.0,0.0,False,CLEAN_BASELINE,0.0,False,Immaterial variance ($0.00 < $50.00 threshold). Suppressed to avoid vendor friction.
INV-BLIND-10682,Evergreen Marine,OCEAN_FREIGHT,3050.0,3050.0,True,SEMANTIC_DUPLICATE,3050.0,True,"Dispute meets materiality, cross-document evidence, and counter-risk thresholds."
INV-BLIND-10683,MSC Mediterranean Shipping,OCEAN_FREIGHT,3100.0,0.0,False,CLEAN_BASELINE,0.0,False,Immaterial variance ($0.00 < $50.00 threshold). Suppressed to avoid vendor friction.
INV-BLIND-10684,MSC Mediterranean Shipping,OCEAN_FREIGHT,3100.0,3100.0,True,SEMANTIC_DUPLICATE,3100.0,True,"Dispute meets materiality, cross-document evidence, and counter-risk thresholds."
INV-BLIND-10685,Evergreen Marine,OCEAN_FREIGHT,3050.0,0.0,False,CLEAN_BASELINE,0.0,False,Immaterial variance ($0.00 < $50.00 threshold). Suppressed to avoid vendor friction.
INV-BLIND-10686,Evergreen Marine,OCEAN_FREIGHT,3050.0,3050.0,True,SEMANTIC_DUPLICATE,3050.0,True,"Dispute meets materiality, cross-document evidence, and counter-risk thresholds."
INV-BLIND-10687,CMA CGM,OCEAN_FREIGHT,3150.0,1070.0,False,CLEAN_BASELINE,0.0,False,Incomplete cross-document evidence: Secondary document verification missing.
INV-BLIND-10688,CMA CGM,OCEAN_FREIGHT,3150.0,3150.0,True,SEMANTIC_DUPLICATE,3150.0,True,"Dispute meets materiality, cross-document evidence, and counter-risk thresholds."
INV-BLIND-10689,Maersk Line,OCEAN_FREIGHT,3200.0,2250.0,False,CLEAN_BASELINE,0.0,False,Incomplete cross-document evidence: Secondary document verification missing.
INV-BLIND-10690,Maersk Line,OCEAN_FREIGHT,3200.0,3200.0,True,SEMANTIC_DUPLICATE,3200.0,True,"Dispute meets materiality, cross-document evidence, and counter-risk thresholds."
INV-BLIND-10691,Maersk Line,OCEAN_FREIGHT,3200.0,0.0,False,CLEAN_BASELINE,0.0,False,Immaterial variance ($0.00 < $50.00 threshold). Suppressed to avoid vendor friction.
INV-BLIND-10692,Maersk Line,OCEAN_FREIGHT,3200.0,3200.0,True,SEMANTIC_DUPLICATE,3200.0,True,"Dispute meets materiality, cross-document evidence, and counter-risk thresholds."
INV-BLIND-10693,CMA CGM,OCEAN_FREIGHT,3150.0,350.0,False,CLEAN_BASELINE,0.0,False,Incomplete cross-document evidence: Secondary document verification missing.
INV-BLIND-10694,CMA CGM,OCEAN_FREIGHT,3150.0,3150.0,True,SEMANTIC_DUPLICATE,3150.0,True,"Dispute meets materiality, cross-document evidence, and counter-risk thresholds."
INV-BLIND-10695,CMA CGM,OCEAN_FREIGHT,3150.0,350.0,False,CLEAN_BASELINE,0.0,False,Incomplete cross-document evidence: Secondary document verification missing.
INV-BLIND-10696,CMA CGM,OCEAN_FREIGHT,3150.0,3150.0,True,SEMANTIC_DUPLICATE,3150.0,True,"Dispute meets materiality, cross-document evidence, and counter-risk thresholds."
INV-BLIND-10697,Maersk Line,OCEAN_FREIGHT,3200.0,350.0,False,CLEAN_BASELINE,0.0,False,Incomplete cross-document evidence: Secondary document verification missing.
INV-BLIND-10698,Maersk Line,OCEAN_FREIGHT,3200.0,3200.0,True,SEMANTIC_DUPLICATE,3200.0,True,"Dispute meets materiality, cross-document evidence, and counter-risk thresholds."
INV-BLIND-10699,Maersk Line,OCEAN_FREIGHT,3200.0,0.0,False,CLEAN_BASELINE,0.0,False,Immaterial variance ($0.00 < $50.00 threshold). Suppressed to avoid vendor friction.
INV-BLIND-10700,Maersk Line,OCEAN_FREIGHT,3200.0,3200.0,True,SEMANTIC_DUPLICATE,3200.0,True,"Dispute meets materiality, cross-document evidence, and counter-risk thresholds."
INV-BLIND-10701,Gulf Drayage LLC,FREIGHT,850.0,0.0,False,CLEAN_BASELINE,0.0,False,Immaterial variance ($0.00 < $50.00 threshold). Suppressed to avoid vendor friction.
INV-BLIND-10702,Gulf Drayage LLC,FREIGHT,450.0,450.0,True,SPLIT_DUPLICATE,450.0,True,"Dispute meets materiality, cross-document evidence, and counter-risk thresholds."
INV-BLIND-10703,Gulf Drayage LLC,FREIGHT,850.0,0.0,False,CLEAN_BASELINE,0.0,False,Immaterial variance ($0.00 < $50.00 threshold). Suppressed to avoid vendor friction.
INV-BLIND-10704,Gulf Drayage LLC,FREIGHT,450.0,450.0,True,SPLIT_DUPLICATE,450.0,True,"Dispute meets materiality, cross-document evidence, and counter-risk thresholds."
INV-BLIND-10705,Gulf Drayage LLC,FREIGHT,850.0,0.0,False,CLEAN_BASELINE,0.0,False,Immaterial variance ($0.00 < $50.00 threshold). Suppressed to avoid vendor friction.
INV-BLIND-10706,Gulf Drayage LLC,FREIGHT,450.0,450.0,True,SPLIT_DUPLICATE,450.0,True,"Dispute meets materiality, cross-document evidence, and counter-risk thresholds."
INV-BLIND-10707,Gulf Drayage LLC,FREIGHT,850.0,0.0,False,CLEAN_BASELINE,0.0,False,Immaterial variance ($0.00 < $50.00 threshold). Suppressed to avoid vendor friction.
INV-BLIND-10708,Gulf Drayage LLC,FREIGHT,450.0,450.0,True,SPLIT_DUPLICATE,450.0,True,"Dispute meets materiality, cross-document evidence, and counter-risk thresholds."
INV-BLIND-10709,Gulf Drayage LLC,FREIGHT,850.0,0.0,False,CLEAN_BASELINE,0.0,False,Immaterial variance ($0.00 < $50.00 threshold). Suppressed to avoid vendor friction.
INV-BLIND-10710,Gulf Drayage LLC,FREIGHT,450.0,450.0,True,SPLIT_DUPLICATE,450.0,True,"Dispute meets materiality, cross-document evidence, and counter-risk thresholds."
INV-BLIND-10711,Gulf Drayage LLC,FREIGHT,850.0,0.0,False,CLEAN_BASELINE,0.0,False,Immaterial variance ($0.00 < $50.00 threshold). Suppressed to avoid vendor friction.
INV-BLIND-10712,Gulf Drayage LLC,FREIGHT,450.0,450.0,True,SPLIT_DUPLICATE,450.0,True,"Dispute meets materiality, cross-document evidence, and counter-risk thresholds."
INV-BLIND-10713,Gulf Drayage LLC,FREIGHT,850.0,0.0,False,CLEAN_BASELINE,0.0,False,Immaterial variance ($0.00 < $50.00 threshold). Suppressed to avoid vendor friction.
INV-BLIND-10714,Gulf Drayage LLC,FREIGHT,450.0,450.0,True,SPLIT_DUPLICATE,450.0,True,"Dispute meets materiality, cross-document evidence, and counter-risk thresholds."
INV-BLIND-10715,Gulf Drayage LLC,FREIGHT,850.0,0.0,False,CLEAN_BASELINE,0.0,False,Immaterial variance ($0.00 < $50.00 threshold). Suppressed to avoid vendor friction.
INV-BLIND-10716,Gulf Drayage LLC,FREIGHT,450.0,450.0,True,SPLIT_DUPLICATE,450.0,True,"Dispute meets materiality, cross-document evidence, and counter-risk thresholds."
INV-BLIND-10717,Gulf Drayage LLC,FREIGHT,850.0,0.0,False,CLEAN_BASELINE,0.0,False,Immaterial variance ($0.00 < $50.00 threshold). Suppressed to avoid vendor friction.
INV-BLIND-10718,Gulf Drayage LLC,FREIGHT,450.0,450.0,True,SPLIT_DUPLICATE,450.0,True,"Dispute meets materiality, cross-document evidence, and counter-risk thresholds."
INV-BLIND-10719,Gulf Drayage LLC,FREIGHT,850.0,0.0,False,CLEAN_BASELINE,0.0,False,Immaterial variance ($0.00 < $50.00 threshold). Suppressed to avoid vendor friction.
INV-BLIND-10720,Gulf Drayage LLC,FREIGHT,450.0,450.0,True,SPLIT_DUPLICATE,450.0,True,"Dispute meets materiality, cross-document evidence, and counter-risk thresholds."
INV-BLIND-10721,Gulf Drayage LLC,FREIGHT,850.0,0.0,False,CLEAN_BASELINE,0.0,False,Immaterial variance ($0.00 < $50.00 threshold). Suppressed to avoid vendor friction.
INV-BLIND-10722,Gulf Drayage LLC,FREIGHT,450.0,450.0,True,SPLIT_DUPLICATE,450.0,True,"Dispute meets materiality, cross-document evidence, and counter-risk thresholds."
INV-BLIND-10723,Gulf Drayage LLC,FREIGHT,850.0,0.0,False,CLEAN_BASELINE,0.0,False,Immaterial variance ($0.00 < $50.00 threshold). Suppressed to avoid vendor friction.
INV-BLIND-10724,Gulf Drayage LLC,FREIGHT,450.0,450.0,True,SPLIT_DUPLICATE,450.0,True,"Dispute meets materiality, cross-document evidence, and counter-risk thresholds."
INV-BLIND-10725,Gulf Drayage LLC,FREIGHT,850.0,0.0,False,CLEAN_BASELINE,0.0,False,Immaterial variance ($0.00 < $50.00 threshold). Suppressed to avoid vendor friction.
INV-BLIND-10726,Gulf Drayage LLC,FREIGHT,450.0,450.0,True,SPLIT_DUPLICATE,450.0,True,"Dispute meets materiality, cross-document evidence, and counter-risk thresholds."
INV-BLIND-10727,Gulf Drayage LLC,FREIGHT,850.0,0.0,False,CLEAN_BASELINE,0.0,False,Immaterial variance ($0.00 < $50.00 threshold). Suppressed to avoid vendor friction.
INV-BLIND-10728,Gulf Drayage LLC,FREIGHT,450.0,450.0,True,SPLIT_DUPLICATE,450.0,True,"Dispute meets materiality, cross-document evidence, and counter-risk thresholds."
INV-BLIND-10729,Gulf Drayage LLC,FREIGHT,850.0,0.0,False,CLEAN_BASELINE,0.0,False,Immaterial variance ($0.00 < $50.00 threshold). Suppressed to avoid vendor friction.
INV-BLIND-10730,Gulf Drayage LLC,FREIGHT,450.0,450.0,True,SPLIT_DUPLICATE,450.0,True,"Dispute meets materiality, cross-document evidence, and counter-risk thresholds."
INV-BLIND-10731,Gulf Drayage LLC,FREIGHT,850.0,0.0,False,CLEAN_BASELINE,0.0,False,Immaterial variance ($0.00 < $50.00 threshold). Suppressed to avoid vendor friction.
INV-BLIND-10732,Gulf Drayage LLC,FREIGHT,450.0,450.0,True,SPLIT_DUPLICATE,450.0,True,"Dispute meets materiality, cross-document evidence, and counter-risk thresholds."
INV-BLIND-10733,Gulf Drayage LLC,FREIGHT,850.0,0.0,False,CLEAN_BASELINE,0.0,False,Immaterial variance ($0.00 < $50.00 threshold). Suppressed to avoid vendor friction.
INV-BLIND-10734,Gulf Drayage LLC,FREIGHT,450.0,450.0,True,SPLIT_DUPLICATE,450.0,True,"Dispute meets materiality, cross-document evidence, and counter-risk thresholds."
INV-BLIND-10735,Gulf Drayage LLC,FREIGHT,850.0,0.0,False,CLEAN_BASELINE,0.0,False,Immaterial variance ($0.00 < $50.00 threshold). Suppressed to avoid vendor friction.
INV-BLIND-10736,Gulf Drayage LLC,FREIGHT,450.0,450.0,True,SPLIT_DUPLICATE,450.0,True,"Dispute meets materiality, cross-document evidence, and counter-risk thresholds."
INV-BLIND-10737,Gulf Drayage LLC,FREIGHT,850.0,0.0,False,CLEAN_BASELINE,0.0,False,Immaterial variance ($0.00 < $50.00 threshold). Suppressed to avoid vendor friction.
INV-BLIND-10738,Gulf Drayage LLC,FREIGHT,450.0,450.0,True,SPLIT_DUPLICATE,450.0,True,"Dispute meets materiality, cross-document evidence, and counter-risk thresholds."
INV-BLIND-10739,Gulf Drayage LLC,FREIGHT,850.0,0.0,False,CLEAN_BASELINE,0.0,False,Immaterial variance ($0.00 < $50.00 threshold). Suppressed to avoid vendor friction.
INV-BLIND-10740,Gulf Drayage LLC,FREIGHT,450.0,450.0,True,SPLIT_DUPLICATE,450.0,True,"Dispute meets materiality, cross-document evidence, and counter-risk thresholds."
INV-BLIND-10741,Gulf Drayage LLC,FREIGHT,850.0,0.0,False,CLEAN_BASELINE,0.0,False,Immaterial variance ($0.00 < $50.00 threshold). Suppressed to avoid vendor friction.
INV-BLIND-10742,Gulf Drayage LLC,FREIGHT,450.0,450.0,True,SPLIT_DUPLICATE,450.0,True,"Dispute meets materiality, cross-document evidence, and counter-risk thresholds."
INV-BLIND-10743,Gulf Drayage LLC,FREIGHT,850.0,0.0,False,CLEAN_BASELINE,0.0,False,Immaterial variance ($0.00 < $50.00 threshold). Suppressed to avoid vendor friction.
INV-BLIND-10744,Gulf Drayage LLC,FREIGHT,450.0,450.0,True,SPLIT_DUPLICATE,450.0,True,"Dispute meets materiality, cross-document evidence, and counter-risk thresholds."
INV-BLIND-10745,Gulf Drayage LLC,FREIGHT,850.0,0.0,False,CLEAN_BASELINE,0.0,False,Immaterial variance ($0.00 < $50.00 threshold). Suppressed to avoid vendor friction.
INV-BLIND-10746,Gulf Drayage LLC,FREIGHT,450.0,450.0,True,SPLIT_DUPLICATE,450.0,True,"Dispute meets materiality, cross-document evidence, and counter-risk thresholds."
INV-BLIND-10747,Gulf Drayage LLC,FREIGHT,850.0,0.0,False,CLEAN_BASELINE,0.0,False,Immaterial variance ($0.00 < $50.00 threshold). Suppressed to avoid vendor friction.
INV-BLIND-10748,Gulf Drayage LLC,FREIGHT,450.0,450.0,True,SPLIT_DUPLICATE,450.0,True,"Dispute meets materiality, cross-document evidence, and counter-risk thresholds."
INV-BLIND-10749,Gulf Drayage LLC,FREIGHT,850.0,0.0,False,CLEAN_BASELINE,0.0,False,Immaterial variance ($0.00 < $50.00 threshold). Suppressed to avoid vendor friction.
INV-BLIND-10750,Gulf Drayage LLC,FREIGHT,450.0,450.0,True,SPLIT_DUPLICATE,450.0,True,"Dispute meets materiality, cross-document evidence, and counter-risk thresholds."
INV-BLIND-10751,Gulf Drayage LLC,FREIGHT,850.0,0.0,False,CLEAN_BASELINE,0.0,False,Immaterial variance ($0.00 < $50.00 threshold). Suppressed to avoid vendor friction.
INV-BLIND-10752,Gulf Drayage LLC,FREIGHT,450.0,450.0,True,SPLIT_DUPLICATE,450.0,True,"Dispute meets materiality, cross-document evidence, and counter-risk thresholds."
INV-BLIND-10753,Gulf Drayage LLC,FREIGHT,850.0,0.0,False,CLEAN_BASELINE,0.0,False,Immaterial variance ($0.00 < $50.00 threshold). Suppressed to avoid vendor friction.
INV-BLIND-10754,Gulf Drayage LLC,FREIGHT,450.0,450.0,True,SPLIT_DUPLICATE,450.0,True,"Dispute meets materiality, cross-document evidence, and counter-risk thresholds."
INV-BLIND-10755,Gulf Drayage LLC,FREIGHT,850.0,0.0,False,CLEAN_BASELINE,0.0,False,Immaterial variance ($0.00 < $50.00 threshold). Suppressed to avoid vendor friction.
INV-BLIND-10756,Gulf Drayage LLC,FREIGHT,450.0,450.0,True,SPLIT_DUPLICATE,450.0,True,"Dispute meets materiality, cross-document evidence, and counter-risk thresholds."
INV-BLIND-10757,Gulf Drayage LLC,FREIGHT,850.0,0.0,False,CLEAN_BASELINE,0.0,False,Immaterial variance ($0.00 < $50.00 threshold). Suppressed to avoid vendor friction.
INV-BLIND-10758,Gulf Drayage LLC,FREIGHT,450.0,450.0,True,SPLIT_DUPLICATE,450.0,True,"Dispute meets materiality, cross-document evidence, and counter-risk thresholds."
INV-BLIND-10759,Gulf Drayage LLC,FREIGHT,850.0,0.0,False,CLEAN_BASELINE,0.0,False,Immaterial variance ($0.00 < $50.00 threshold). Suppressed to avoid vendor friction.
INV-BLIND-10760,Gulf Drayage LLC,FREIGHT,450.0,450.0,True,SPLIT_DUPLICATE,450.0,True,"Dispute meets materiality, cross-document evidence, and counter-risk thresholds."
INV-BLIND-10761,Gulf Drayage LLC,FREIGHT,850.0,0.0,False,CLEAN_BASELINE,0.0,False,Immaterial variance ($0.00 < $50.00 threshold). Suppressed to avoid vendor friction.
INV-BLIND-10762,Gulf Drayage LLC,FREIGHT,450.0,450.0,True,SPLIT_DUPLICATE,450.0,True,"Dispute meets materiality, cross-document evidence, and counter-risk thresholds."
INV-BLIND-10763,Gulf Drayage LLC,FREIGHT,850.0,0.0,False,CLEAN_BASELINE,0.0,False,Immaterial variance ($0.00 < $50.00 threshold). Suppressed to avoid vendor friction.
INV-BLIND-10764,Gulf Drayage LLC,FREIGHT,450.0,450.0,True,SPLIT_DUPLICATE,450.0,True,"Dispute meets materiality, cross-document evidence, and counter-risk thresholds."
INV-BLIND-10765,Gulf Drayage LLC,FREIGHT,850.0,0.0,False,CLEAN_BASELINE,0.0,False,Immaterial variance ($0.00 < $50.00 threshold). Suppressed to avoid vendor friction.
INV-BLIND-10766,Gulf Drayage LLC,FREIGHT,450.0,450.0,True,SPLIT_DUPLICATE,450.0,True,"Dispute meets materiality, cross-document evidence, and counter-risk thresholds."
INV-BLIND-10767,Gulf Drayage LLC,FREIGHT,850.0,0.0,False,CLEAN_BASELINE,0.0,False,Immaterial variance ($0.00 < $50.00 threshold). Suppressed to avoid vendor friction.
INV-BLIND-10768,Gulf Drayage LLC,FREIGHT,450.0,450.0,True,SPLIT_DUPLICATE,450.0,True,"Dispute meets materiality, cross-document evidence, and counter-risk thresholds."
INV-BLIND-10769,Gulf Drayage LLC,FREIGHT,850.0,0.0,False,CLEAN_BASELINE,0.0,False,Immaterial variance ($0.00 < $50.00 threshold). Suppressed to avoid vendor friction.
INV-BLIND-10770,Gulf Drayage LLC,FREIGHT,450.0,450.0,True,SPLIT_DUPLICATE,450.0,True,"Dispute meets materiality, cross-document evidence, and counter-risk thresholds."
INV-BLIND-10771,Gulf Drayage LLC,FREIGHT,850.0,0.0,False,CLEAN_BASELINE,0.0,False,Immaterial variance ($0.00 < $50.00 threshold). Suppressed to avoid vendor friction.
INV-BLIND-10772,Gulf Drayage LLC,FREIGHT,450.0,450.0,True,SPLIT_DUPLICATE,450.0,True,"Dispute meets materiality, cross-document evidence, and counter-risk thresholds."
INV-BLIND-10773,Gulf Drayage LLC,FREIGHT,850.0,0.0,False,CLEAN_BASELINE,0.0,False,Immaterial variance ($0.00 < $50.00 threshold). Suppressed to avoid vendor friction.
INV-BLIND-10774,Gulf Drayage LLC,FREIGHT,450.0,450.0,True,SPLIT_DUPLICATE,450.0,True,"Dispute meets materiality, cross-document evidence, and counter-risk thresholds."
INV-BLIND-10775,Gulf Drayage LLC,FREIGHT,850.0,0.0,False,CLEAN_BASELINE,0.0,False,Immaterial variance ($0.00 < $50.00 threshold). Suppressed to avoid vendor friction.
INV-BLIND-10776,Gulf Drayage LLC,FREIGHT,450.0,450.0,True,SPLIT_DUPLICATE,450.0,True,"Dispute meets materiality, cross-document evidence, and counter-risk thresholds."
INV-BLIND-10777,Gulf Drayage LLC,FREIGHT,850.0,0.0,False,CLEAN_BASELINE,0.0,False,Immaterial variance ($0.00 < $50.00 threshold). Suppressed to avoid vendor friction.
INV-BLIND-10778,Gulf Drayage LLC,FREIGHT,450.0,450.0,True,SPLIT_DUPLICATE,450.0,True,"Dispute meets materiality, cross-document evidence, and counter-risk thresholds."
INV-BLIND-10779,Gulf Drayage LLC,FREIGHT,850.0,0.0,False,CLEAN_BASELINE,0.0,False,Immaterial variance ($0.00 < $50.00 threshold). Suppressed to avoid vendor friction.
INV-BLIND-10780,Gulf Drayage LLC,FREIGHT,450.0,450.0,True,SPLIT_DUPLICATE,450.0,True,"Dispute meets materiality, cross-document evidence, and counter-risk thresholds."
INV-BLIND-10781,Gulf Drayage LLC,FREIGHT,850.0,0.0,False,CLEAN_BASELINE,0.0,False,Immaterial variance ($0.00 < $50.00 threshold). Suppressed to avoid vendor friction.
INV-BLIND-10782,Gulf Drayage LLC,FREIGHT,450.0,450.0,True,SPLIT_DUPLICATE,450.0,True,"Dispute meets materiality, cross-document evidence, and counter-risk thresholds."
INV-BLIND-10783,Gulf Drayage LLC,FREIGHT,850.0,0.0,False,CLEAN_BASELINE,0.0,False,Immaterial variance ($0.00 < $50.00 threshold). Suppressed to avoid vendor friction.
INV-BLIND-10784,Gulf Drayage LLC,FREIGHT,450.0,450.0,True,SPLIT_DUPLICATE,450.0,True,"Dispute meets materiality, cross-document evidence, and counter-risk thresholds."
INV-BLIND-10785,Gulf Drayage LLC,FREIGHT,850.0,0.0,False,CLEAN_BASELINE,0.0,False,Immaterial variance ($0.00 < $50.00 threshold). Suppressed to avoid vendor friction.
INV-BLIND-10786,Gulf Drayage LLC,FREIGHT,450.0,450.0,True,SPLIT_DUPLICATE,450.0,True,"Dispute meets materiality, cross-document evidence, and counter-risk thresholds."
INV-BLIND-10787,Gulf Drayage LLC,FREIGHT,850.0,0.0,False,CLEAN_BASELINE,0.0,False,Immaterial variance ($0.00 < $50.00 threshold). Suppressed to avoid vendor friction.
INV-BLIND-10788,Gulf Drayage LLC,FREIGHT,450.0,450.0,True,SPLIT_DUPLICATE,450.0,True,"Dispute meets materiality, cross-document evidence, and counter-risk thresholds."
INV-BLIND-10789,Gulf Drayage LLC,FREIGHT,850.0,0.0,False,CLEAN_BASELINE,0.0,False,Immaterial variance ($0.00 < $50.00 threshold). Suppressed to avoid vendor friction.
INV-BLIND-10790,Gulf Drayage LLC,FREIGHT,450.0,450.0,True,SPLIT_DUPLICATE,450.0,True,"Dispute meets materiality, cross-document evidence, and counter-risk thresholds."
INV-BLIND-10791,Gulf Drayage LLC,FREIGHT,850.0,0.0,False,CLEAN_BASELINE,0.0,False,Immaterial variance ($0.00 < $50.00 threshold). Suppressed to avoid vendor friction.
INV-BLIND-10792,Gulf Drayage LLC,FREIGHT,450.0,450.0,True,SPLIT_DUPLICATE,450.0,True,"Dispute meets materiality, cross-document evidence, and counter-risk thresholds."
INV-BLIND-10793,Gulf Drayage LLC,FREIGHT,850.0,0.0,False,CLEAN_BASELINE,0.0,False,Immaterial variance ($0.00 < $50.00 threshold). Suppressed to avoid vendor friction.
INV-BLIND-10794,Gulf Drayage LLC,FREIGHT,450.0,450.0,True,SPLIT_DUPLICATE,450.0,True,"Dispute meets materiality, cross-document evidence, and counter-risk thresholds."
INV-BLIND-10795,Gulf Drayage LLC,FREIGHT,850.0,0.0,False,CLEAN_BASELINE,0.0,False,Immaterial variance ($0.00 < $50.00 threshold). Suppressed to avoid vendor friction.
INV-BLIND-10796,Gulf Drayage LLC,FREIGHT,450.0,450.0,True,SPLIT_DUPLICATE,450.0,True,"Dispute meets materiality, cross-document evidence, and counter-risk thresholds."
INV-BLIND-10797,Gulf Drayage LLC,FREIGHT,850.0,0.0,False,CLEAN_BASELINE,0.0,False,Immaterial variance ($0.00 < $50.00 threshold). Suppressed to avoid vendor friction.
INV-BLIND-10798,Gulf Drayage LLC,FREIGHT,450.0,450.0,True,SPLIT_DUPLICATE,450.0,True,"Dispute meets materiality, cross-document evidence, and counter-risk thresholds."
INV-BLIND-10799,Gulf Drayage LLC,FREIGHT,850.0,0.0,False,CLEAN_BASELINE,0.0,False,Immaterial variance ($0.00 < $50.00 threshold). Suppressed to avoid vendor friction.
INV-BLIND-10800,Gulf Drayage LLC,FREIGHT,450.0,450.0,True,SPLIT_DUPLICATE,450.0,True,"Dispute meets materiality, cross-document evidence, and counter-risk thresholds."
INV-BLIND-10801,Gulf Drayage LLC,FREIGHT,850.0,0.0,False,CLEAN_BASELINE,0.0,False,Immaterial variance ($0.00 < $50.00 threshold). Suppressed to avoid vendor friction.
INV-BLIND-10802,Gulf Drayage LLC,FREIGHT,450.0,450.0,True,SPLIT_DUPLICATE,450.0,True,"Dispute meets materiality, cross-document evidence, and counter-risk thresholds."
INV-BLIND-10803,Gulf Drayage LLC,FREIGHT,850.0,0.0,False,CLEAN_BASELINE,0.0,False,Immaterial variance ($0.00 < $50.00 threshold). Suppressed to avoid vendor friction.
INV-BLIND-10804,Gulf Drayage LLC,FREIGHT,450.0,450.0,True,SPLIT_DUPLICATE,450.0,True,"Dispute meets materiality, cross-document evidence, and counter-risk thresholds."
INV-BLIND-10805,Gulf Drayage LLC,FREIGHT,850.0,0.0,False,CLEAN_BASELINE,0.0,False,Immaterial variance ($0.00 < $50.00 threshold). Suppressed to avoid vendor friction.
INV-BLIND-10806,Gulf Drayage LLC,FREIGHT,450.0,450.0,True,SPLIT_DUPLICATE,450.0,True,"Dispute meets materiality, cross-document evidence, and counter-risk thresholds."
INV-BLIND-10807,Gulf Drayage LLC,FREIGHT,850.0,0.0,False,CLEAN_BASELINE,0.0,False,Immaterial variance ($0.00 < $50.00 threshold). Suppressed to avoid vendor friction.
INV-BLIND-10808,Gulf Drayage LLC,FREIGHT,450.0,450.0,True,SPLIT_DUPLICATE,450.0,True,"Dispute meets materiality, cross-document evidence, and counter-risk thresholds."
INV-BLIND-10809,Gulf Drayage LLC,FREIGHT,850.0,0.0,False,CLEAN_BASELINE,0.0,False,Immaterial variance ($0.00 < $50.00 threshold). Suppressed to avoid vendor friction.
INV-BLIND-10810,Gulf Drayage LLC,FREIGHT,450.0,450.0,True,SPLIT_DUPLICATE,450.0,True,"Dispute meets materiality, cross-document evidence, and counter-risk thresholds."
INV-BLIND-10811,Gulf Drayage LLC,FREIGHT,850.0,0.0,False,CLEAN_BASELINE,0.0,False,Immaterial variance ($0.00 < $50.00 threshold). Suppressed to avoid vendor friction.
INV-BLIND-10812,Gulf Drayage LLC,FREIGHT,450.0,450.0,True,SPLIT_DUPLICATE,450.0,True,"Dispute meets materiality, cross-document evidence, and counter-risk thresholds."
INV-BLIND-10813,Gulf Drayage LLC,FREIGHT,850.0,0.0,False,CLEAN_BASELINE,0.0,False,Immaterial variance ($0.00 < $50.00 threshold). Suppressed to avoid vendor friction.
INV-BLIND-10814,Gulf Drayage LLC,FREIGHT,450.0,450.0,True,SPLIT_DUPLICATE,450.0,True,"Dispute meets materiality, cross-document evidence, and counter-risk thresholds."
INV-BLIND-10815,Gulf Drayage LLC,FREIGHT,850.0,0.0,False,CLEAN_BASELINE,0.0,False,Immaterial variance ($0.00 < $50.00 threshold). Suppressed to avoid vendor friction.
INV-BLIND-10816,Gulf Drayage LLC,FREIGHT,450.0,450.0,True,SPLIT_DUPLICATE,450.0,True,"Dispute meets materiality, cross-document evidence, and counter-risk thresholds."
INV-BLIND-10817,Gulf Drayage LLC,FREIGHT,850.0,0.0,False,CLEAN_BASELINE,0.0,False,Immaterial variance ($0.00 < $50.00 threshold). Suppressed to avoid vendor friction.
INV-BLIND-10818,Gulf Drayage LLC,FREIGHT,450.0,450.0,True,SPLIT_DUPLICATE,450.0,True,"Dispute meets materiality, cross-document evidence, and counter-risk thresholds."
INV-BLIND-10819,Gulf Drayage LLC,FREIGHT,850.0,0.0,False,CLEAN_BASELINE,0.0,False,Immaterial variance ($0.00 < $50.00 threshold). Suppressed to avoid vendor friction.
INV-BLIND-10820,Gulf Drayage LLC,FREIGHT,450.0,450.0,True,SPLIT_DUPLICATE,450.0,True,"Dispute meets materiality, cross-document evidence, and counter-risk thresholds."
INV-BLIND-10821,Gulf Drayage LLC,FREIGHT,850.0,0.0,False,CLEAN_BASELINE,0.0,False,Immaterial variance ($0.00 < $50.00 threshold). Suppressed to avoid vendor friction.
INV-BLIND-10822,Gulf Drayage LLC,FREIGHT,450.0,450.0,True,SPLIT_DUPLICATE,450.0,True,"Dispute meets materiality, cross-document evidence, and counter-risk thresholds."
INV-BLIND-10823,Gulf Drayage LLC,FREIGHT,850.0,0.0,False,CLEAN_BASELINE,0.0,False,Immaterial variance ($0.00 < $50.00 threshold). Suppressed to avoid vendor friction.
INV-BLIND-10824,Gulf Drayage LLC,FREIGHT,450.0,450.0,True,SPLIT_DUPLICATE,450.0,True,"Dispute meets materiality, cross-document evidence, and counter-risk thresholds."
INV-BLIND-10825,Gulf Drayage LLC,FREIGHT,850.0,0.0,False,CLEAN_BASELINE,0.0,False,Immaterial variance ($0.00 < $50.00 threshold). Suppressed to avoid vendor friction.
INV-BLIND-10826,Gulf Drayage LLC,FREIGHT,450.0,450.0,True,SPLIT_DUPLICATE,450.0,True,"Dispute meets materiality, cross-document evidence, and counter-risk thresholds."
INV-BLIND-10827,Gulf Drayage LLC,FREIGHT,850.0,0.0,False,CLEAN_BASELINE,0.0,False,Immaterial variance ($0.00 < $50.00 threshold). Suppressed to avoid vendor friction.
INV-BLIND-10828,Gulf Drayage LLC,FREIGHT,450.0,450.0,True,SPLIT_DUPLICATE,450.0,True,"Dispute meets materiality, cross-document evidence, and counter-risk thresholds."
INV-BLIND-10829,Gulf Drayage LLC,FREIGHT,850.0,0.0,False,CLEAN_BASELINE,0.0,False,Immaterial variance ($0.00 < $50.00 threshold). Suppressed to avoid vendor friction.
INV-BLIND-10830,Gulf Drayage LLC,FREIGHT,450.0,450.0,True,SPLIT_DUPLICATE,450.0,True,"Dispute meets materiality, cross-document evidence, and counter-risk thresholds."
INV-BLIND-10831,Gulf Drayage LLC,FREIGHT,850.0,0.0,False,CLEAN_BASELINE,0.0,False,Immaterial variance ($0.00 < $50.00 threshold). Suppressed to avoid vendor friction.
INV-BLIND-10832,Gulf Drayage LLC,FREIGHT,450.0,450.0,True,SPLIT_DUPLICATE,450.0,True,"Dispute meets materiality, cross-document evidence, and counter-risk thresholds."
INV-BLIND-10833,Gulf Drayage LLC,FREIGHT,850.0,0.0,False,CLEAN_BASELINE,0.0,False,Immaterial variance ($0.00 < $50.00 threshold). Suppressed to avoid vendor friction.
INV-BLIND-10834,Gulf Drayage LLC,FREIGHT,450.0,450.0,True,SPLIT_DUPLICATE,450.0,True,"Dispute meets materiality, cross-document evidence, and counter-risk thresholds."
INV-BLIND-10835,Gulf Drayage LLC,FREIGHT,850.0,0.0,False,CLEAN_BASELINE,0.0,False,Immaterial variance ($0.00 < $50.00 threshold). Suppressed to avoid vendor friction.
INV-BLIND-10836,Gulf Drayage LLC,FREIGHT,450.0,450.0,True,SPLIT_DUPLICATE,450.0,True,"Dispute meets materiality, cross-document evidence, and counter-risk thresholds."
INV-BLIND-10837,Gulf Drayage LLC,FREIGHT,850.0,0.0,False,CLEAN_BASELINE,0.0,False,Immaterial variance ($0.00 < $50.00 threshold). Suppressed to avoid vendor friction.
INV-BLIND-10838,Gulf Drayage LLC,FREIGHT,450.0,450.0,True,SPLIT_DUPLICATE,450.0,True,"Dispute meets materiality, cross-document evidence, and counter-risk thresholds."
INV-BLIND-10839,Gulf Drayage LLC,FREIGHT,850.0,0.0,False,CLEAN_BASELINE,0.0,False,Immaterial variance ($0.00 < $50.00 threshold). Suppressed to avoid vendor friction.
INV-BLIND-10840,Gulf Drayage LLC,FREIGHT,450.0,450.0,True,SPLIT_DUPLICATE,450.0,True,"Dispute meets materiality, cross-document evidence, and counter-risk thresholds."
INV-BLIND-10841,Gulf Drayage LLC,FREIGHT,850.0,0.0,False,CLEAN_BASELINE,0.0,False,Immaterial variance ($0.00 < $50.00 threshold). Suppressed to avoid vendor friction.
INV-BLIND-10842,Gulf Drayage LLC,FREIGHT,450.0,450.0,True,SPLIT_DUPLICATE,450.0,True,"Dispute meets materiality, cross-document evidence, and counter-risk thresholds."
INV-BLIND-10843,Gulf Drayage LLC,FREIGHT,850.0,0.0,False,CLEAN_BASELINE,0.0,False,Immaterial variance ($0.00 < $50.00 threshold). Suppressed to avoid vendor friction.
INV-BLIND-10844,Gulf Drayage LLC,FREIGHT,450.0,450.0,True,SPLIT_DUPLICATE,450.0,True,"Dispute meets materiality, cross-document evidence, and counter-risk thresholds."
INV-BLIND-10845,Gulf Drayage LLC,FREIGHT,850.0,0.0,False,CLEAN_BASELINE,0.0,False,Immaterial variance ($0.00 < $50.00 threshold). Suppressed to avoid vendor friction.
INV-BLIND-10846,Gulf Drayage LLC,FREIGHT,450.0,450.0,True,SPLIT_DUPLICATE,450.0,True,"Dispute meets materiality, cross-document evidence, and counter-risk thresholds."
INV-BLIND-10847,Gulf Drayage LLC,FREIGHT,850.0,0.0,False,CLEAN_BASELINE,0.0,False,Immaterial variance ($0.00 < $50.00 threshold). Suppressed to avoid vendor friction.
INV-BLIND-10848,Gulf Drayage LLC,FREIGHT,450.0,450.0,True,SPLIT_DUPLICATE,450.0,True,"Dispute meets materiality, cross-document evidence, and counter-risk thresholds."
INV-BLIND-10849,Gulf Drayage LLC,FREIGHT,850.0,0.0,False,CLEAN_BASELINE,0.0,False,Immaterial variance ($0.00 < $50.00 threshold). Suppressed to avoid vendor friction.
INV-BLIND-10850,Gulf Drayage LLC,FREIGHT,450.0,450.0,True,SPLIT_DUPLICATE,450.0,True,"Dispute meets materiality, cross-document evidence, and counter-risk thresholds."
INV-BLIND-10851,Gulf Drayage LLC,FREIGHT,850.0,0.0,False,CLEAN_BASELINE,0.0,False,Immaterial variance ($0.00 < $50.00 threshold). Suppressed to avoid vendor friction.
INV-BLIND-10852,Gulf Drayage LLC,FREIGHT,450.0,450.0,True,SPLIT_DUPLICATE,450.0,True,"Dispute meets materiality, cross-document evidence, and counter-risk thresholds."
INV-BLIND-10853,Gulf Drayage LLC,FREIGHT,850.0,0.0,False,CLEAN_BASELINE,0.0,False,Immaterial variance ($0.00 < $50.00 threshold). Suppressed to avoid vendor friction.
INV-BLIND-10854,Gulf Drayage LLC,FREIGHT,450.0,450.0,True,SPLIT_DUPLICATE,450.0,True,"Dispute meets materiality, cross-document evidence, and counter-risk thresholds."
INV-BLIND-10855,Gulf Drayage LLC,FREIGHT,850.0,0.0,False,CLEAN_BASELINE,0.0,False,Immaterial variance ($0.00 < $50.00 threshold). Suppressed to avoid vendor friction.
INV-BLIND-10856,Gulf Drayage LLC,FREIGHT,450.0,450.0,True,SPLIT_DUPLICATE,450.0,True,"Dispute meets materiality, cross-document evidence, and counter-risk thresholds."
INV-BLIND-10857,Gulf Drayage LLC,FREIGHT,850.0,0.0,False,CLEAN_BASELINE,0.0,False,Immaterial variance ($0.00 < $50.00 threshold). Suppressed to avoid vendor friction.
INV-BLIND-10858,Gulf Drayage LLC,FREIGHT,450.0,450.0,True,SPLIT_DUPLICATE,450.0,True,"Dispute meets materiality, cross-document evidence, and counter-risk thresholds."
INV-BLIND-10859,Gulf Drayage LLC,FREIGHT,850.0,0.0,False,CLEAN_BASELINE,0.0,False,Immaterial variance ($0.00 < $50.00 threshold). Suppressed to avoid vendor friction.
INV-BLIND-10860,Gulf Drayage LLC,FREIGHT,450.0,450.0,True,SPLIT_DUPLICATE,450.0,True,"Dispute meets materiality, cross-document evidence, and counter-risk thresholds."
INV-BLIND-10861,Gulf Drayage LLC,FREIGHT,850.0,0.0,False,CLEAN_BASELINE,0.0,False,Immaterial variance ($0.00 < $50.00 threshold). Suppressed to avoid vendor friction.
INV-BLIND-10862,Gulf Drayage LLC,FREIGHT,450.0,450.0,True,SPLIT_DUPLICATE,450.0,True,"Dispute meets materiality, cross-document evidence, and counter-risk thresholds."
INV-BLIND-10863,Gulf Drayage LLC,FREIGHT,850.0,0.0,False,CLEAN_BASELINE,0.0,False,Immaterial variance ($0.00 < $50.00 threshold). Suppressed to avoid vendor friction.
INV-BLIND-10864,Gulf Drayage LLC,FREIGHT,450.0,450.0,True,SPLIT_DUPLICATE,450.0,True,"Dispute meets materiality, cross-document evidence, and counter-risk thresholds."
INV-BLIND-10865,Gulf Drayage LLC,FREIGHT,850.0,0.0,False,CLEAN_BASELINE,0.0,False,Immaterial variance ($0.00 < $50.00 threshold). Suppressed to avoid vendor friction.
INV-BLIND-10866,Gulf Drayage LLC,FREIGHT,450.0,450.0,True,SPLIT_DUPLICATE,450.0,True,"Dispute meets materiality, cross-document evidence, and counter-risk thresholds."
INV-BLIND-10867,Gulf Drayage LLC,FREIGHT,850.0,0.0,False,CLEAN_BASELINE,0.0,False,Immaterial variance ($0.00 < $50.00 threshold). Suppressed to avoid vendor friction.
INV-BLIND-10868,Gulf Drayage LLC,FREIGHT,450.0,450.0,True,SPLIT_DUPLICATE,450.0,True,"Dispute meets materiality, cross-document evidence, and counter-risk thresholds."
INV-BLIND-10869,Gulf Drayage LLC,FREIGHT,850.0,0.0,False,CLEAN_BASELINE,0.0,False,Immaterial variance ($0.00 < $50.00 threshold). Suppressed to avoid vendor friction.
INV-BLIND-10870,Gulf Drayage LLC,FREIGHT,450.0,450.0,True,SPLIT_DUPLICATE,450.0,True,"Dispute meets materiality, cross-document evidence, and counter-risk thresholds."
INV-BLIND-10871,Gulf Drayage LLC,FREIGHT,850.0,0.0,False,CLEAN_BASELINE,0.0,False,Immaterial variance ($0.00 < $50.00 threshold). Suppressed to avoid vendor friction.
INV-BLIND-10872,Gulf Drayage LLC,FREIGHT,450.0,450.0,True,SPLIT_DUPLICATE,450.0,True,"Dispute meets materiality, cross-document evidence, and counter-risk thresholds."
INV-BLIND-10873,Gulf Drayage LLC,FREIGHT,850.0,0.0,False,CLEAN_BASELINE,0.0,False,Immaterial variance ($0.00 < $50.00 threshold). Suppressed to avoid vendor friction.
INV-BLIND-10874,Gulf Drayage LLC,FREIGHT,450.0,450.0,True,SPLIT_DUPLICATE,450.0,True,"Dispute meets materiality, cross-document evidence, and counter-risk thresholds."
INV-BLIND-10875,Gulf Drayage LLC,FREIGHT,850.0,0.0,False,CLEAN_BASELINE,0.0,False,Immaterial variance ($0.00 < $50.00 threshold). Suppressed to avoid vendor friction.
INV-BLIND-10876,Gulf Drayage LLC,FREIGHT,450.0,450.0,True,SPLIT_DUPLICATE,450.0,True,"Dispute meets materiality, cross-document evidence, and counter-risk thresholds."
INV-BLIND-10877,Gulf Drayage LLC,FREIGHT,850.0,0.0,False,CLEAN_BASELINE,0.0,False,Immaterial variance ($0.00 < $50.00 threshold). Suppressed to avoid vendor friction.
INV-BLIND-10878,Gulf Drayage LLC,FREIGHT,450.0,450.0,True,SPLIT_DUPLICATE,450.0,True,"Dispute meets materiality, cross-document evidence, and counter-risk thresholds."
INV-BLIND-10879,Gulf Drayage LLC,FREIGHT,850.0,0.0,False,CLEAN_BASELINE,0.0,False,Immaterial variance ($0.00 < $50.00 threshold). Suppressed to avoid vendor friction.
INV-BLIND-10880,Gulf Drayage LLC,FREIGHT,450.0,450.0,True,SPLIT_DUPLICATE,450.0,True,"Dispute meets materiality, cross-document evidence, and counter-risk thresholds."
INV-BLIND-10881,Gulf Drayage LLC,FREIGHT,850.0,0.0,False,CLEAN_BASELINE,0.0,False,Immaterial variance ($0.00 < $50.00 threshold). Suppressed to avoid vendor friction.
INV-BLIND-10882,Gulf Drayage LLC,FREIGHT,450.0,450.0,True,SPLIT_DUPLICATE,450.0,True,"Dispute meets materiality, cross-document evidence, and counter-risk thresholds."
INV-BLIND-10883,Gulf Drayage LLC,FREIGHT,850.0,0.0,False,CLEAN_BASELINE,0.0,False,Immaterial variance ($0.00 < $50.00 threshold). Suppressed to avoid vendor friction.
INV-BLIND-10884,Gulf Drayage LLC,FREIGHT,450.0,450.0,True,SPLIT_DUPLICATE,450.0,True,"Dispute meets materiality, cross-document evidence, and counter-risk thresholds."
INV-BLIND-10885,Gulf Drayage LLC,FREIGHT,850.0,0.0,False,CLEAN_BASELINE,0.0,False,Immaterial variance ($0.00 < $50.00 threshold). Suppressed to avoid vendor friction.
INV-BLIND-10886,Gulf Drayage LLC,FREIGHT,450.0,450.0,True,SPLIT_DUPLICATE,450.0,True,"Dispute meets materiality, cross-document evidence, and counter-risk thresholds."
INV-BLIND-10887,Gulf Drayage LLC,FREIGHT,850.0,0.0,False,CLEAN_BASELINE,0.0,False,Immaterial variance ($0.00 < $50.00 threshold). Suppressed to avoid vendor friction.
INV-BLIND-10888,Gulf Drayage LLC,FREIGHT,450.0,450.0,True,SPLIT_DUPLICATE,450.0,True,"Dispute meets materiality, cross-document evidence, and counter-risk thresholds."
INV-BLIND-10889,Gulf Drayage LLC,FREIGHT,850.0,0.0,False,CLEAN_BASELINE,0.0,False,Immaterial variance ($0.00 < $50.00 threshold). Suppressed to avoid vendor friction.
INV-BLIND-10890,Gulf Drayage LLC,FREIGHT,450.0,450.0,True,SPLIT_DUPLICATE,450.0,True,"Dispute meets materiality, cross-document evidence, and counter-risk thresholds."
INV-BLIND-10891,Gulf Drayage LLC,FREIGHT,850.0,0.0,False,CLEAN_BASELINE,0.0,False,Immaterial variance ($0.00 < $50.00 threshold). Suppressed to avoid vendor friction.
INV-BLIND-10892,Gulf Drayage LLC,FREIGHT,450.0,450.0,True,SPLIT_DUPLICATE,450.0,True,"Dispute meets materiality, cross-document evidence, and counter-risk thresholds."
INV-BLIND-10893,Gulf Drayage LLC,FREIGHT,850.0,0.0,False,CLEAN_BASELINE,0.0,False,Immaterial variance ($0.00 < $50.00 threshold). Suppressed to avoid vendor friction.
INV-BLIND-10894,Gulf Drayage LLC,FREIGHT,450.0,450.0,True,SPLIT_DUPLICATE,450.0,True,"Dispute meets materiality, cross-document evidence, and counter-risk thresholds."
INV-BLIND-10895,Gulf Drayage LLC,FREIGHT,850.0,0.0,False,CLEAN_BASELINE,0.0,False,Immaterial variance ($0.00 < $50.00 threshold). Suppressed to avoid vendor friction.
INV-BLIND-10896,Gulf Drayage LLC,FREIGHT,450.0,450.0,True,SPLIT_DUPLICATE,450.0,True,"Dispute meets materiality, cross-document evidence, and counter-risk thresholds."
INV-BLIND-10897,Gulf Drayage LLC,FREIGHT,850.0,0.0,False,CLEAN_BASELINE,0.0,False,Immaterial variance ($0.00 < $50.00 threshold). Suppressed to avoid vendor friction.
INV-BLIND-10898,Gulf Drayage LLC,FREIGHT,450.0,450.0,True,SPLIT_DUPLICATE,450.0,True,"Dispute meets materiality, cross-document evidence, and counter-risk thresholds."
INV-BLIND-10899,Gulf Drayage LLC,FREIGHT,850.0,0.0,False,CLEAN_BASELINE,0.0,False,Immaterial variance ($0.00 < $50.00 threshold). Suppressed to avoid vendor friction.
INV-BLIND-10900,Gulf Drayage LLC,FREIGHT,450.0,450.0,True,SPLIT_DUPLICATE,450.0,True,"Dispute meets materiality, cross-document evidence, and counter-risk thresholds."
INV-BLIND-10901,Hapag-Lloyd,OCEAN_FREIGHT,3300.0,0.0,False,MISSING_DOCUMENTS,0.0,False,Immaterial variance ($0.00 < $50.00 threshold). Suppressed to avoid vendor friction.
INV-BLIND-10902,DP World Logistics,OCEAN_FREIGHT,3180.0,0.0,False,MISSING_DOCUMENTS,0.0,False,Immaterial variance ($0.00 < $50.00 threshold). Suppressed to avoid vendor friction.
INV-BLIND-10903,ONE (Ocean Network Express),OCEAN_FREIGHT,3250.0,0.0,False,MISSING_DOCUMENTS,0.0,False,Immaterial variance ($0.00 < $50.00 threshold). Suppressed to avoid vendor friction.
INV-BLIND-10904,Maersk Line,OCEAN_FREIGHT,3200.0,1100.0,False,MISSING_DOCUMENTS,0.0,False,Incomplete cross-document evidence: Secondary document verification missing.
INV-BLIND-10905,ONE (Ocean Network Express),OCEAN_FREIGHT,3250.0,0.0,False,MISSING_DOCUMENTS,0.0,False,Immaterial variance ($0.00 < $50.00 threshold). Suppressed to avoid vendor friction.
INV-BLIND-10906,Maersk Line,OCEAN_FREIGHT,3200.0,0.0,False,MISSING_DOCUMENTS,0.0,False,Immaterial variance ($0.00 < $50.00 threshold). Suppressed to avoid vendor friction.
INV-BLIND-10907,MSC Mediterranean Shipping,OCEAN_FREIGHT,3100.0,350.0,False,MISSING_DOCUMENTS,0.0,False,Incomplete cross-document evidence: Secondary document verification missing.
INV-BLIND-10908,Maersk Line,OCEAN_FREIGHT,3200.0,0.0,False,MISSING_DOCUMENTS,0.0,False,Immaterial variance ($0.00 < $50.00 threshold). Suppressed to avoid vendor friction.
INV-BLIND-10909,MSC Mediterranean Shipping,OCEAN_FREIGHT,3100.0,0.0,False,MISSING_DOCUMENTS,0.0,False,Immaterial variance ($0.00 < $50.00 threshold). Suppressed to avoid vendor friction.
INV-BLIND-10910,DP World Logistics,OCEAN_FREIGHT,3180.0,2250.0,False,MISSING_DOCUMENTS,0.0,False,Incomplete cross-document evidence: Secondary document verification missing.
INV-BLIND-10911,MSC Mediterranean Shipping,OCEAN_FREIGHT,3100.0,350.0,False,MISSING_DOCUMENTS,0.0,False,Incomplete cross-document evidence: Secondary document verification missing.
INV-BLIND-10912,Hapag-Lloyd,OCEAN_FREIGHT,3300.0,0.0,False,MISSING_DOCUMENTS,0.0,False,Immaterial variance ($0.00 < $50.00 threshold). Suppressed to avoid vendor friction.
INV-BLIND-10913,CMA CGM,OCEAN_FREIGHT,3150.0,0.0,False,MISSING_DOCUMENTS,0.0,False,Immaterial variance ($0.00 < $50.00 threshold). Suppressed to avoid vendor friction.
INV-BLIND-10914,CMA CGM,OCEAN_FREIGHT,3150.0,0.0,False,MISSING_DOCUMENTS,0.0,False,Immaterial variance ($0.00 < $50.00 threshold). Suppressed to avoid vendor friction.
INV-BLIND-10915,Maersk Line,OCEAN_FREIGHT,3200.0,0.0,False,MISSING_DOCUMENTS,0.0,False,Immaterial variance ($0.00 < $50.00 threshold). Suppressed to avoid vendor friction.
INV-BLIND-10916,Hapag-Lloyd,OCEAN_FREIGHT,3300.0,2320.0,False,MISSING_DOCUMENTS,0.0,False,Incomplete cross-document evidence: Secondary document verification missing.
INV-BLIND-10917,Hapag-Lloyd,OCEAN_FREIGHT,3300.0,1150.0,False,MISSING_DOCUMENTS,0.0,False,Incomplete cross-document evidence: Secondary document verification missing.
INV-BLIND-10918,Maersk Line,OCEAN_FREIGHT,3200.0,0.0,False,MISSING_DOCUMENTS,0.0,False,Immaterial variance ($0.00 < $50.00 threshold). Suppressed to avoid vendor friction.
INV-BLIND-10919,MSC Mediterranean Shipping,OCEAN_FREIGHT,3100.0,350.0,False,MISSING_DOCUMENTS,0.0,False,Incomplete cross-document evidence: Secondary document verification missing.
INV-BLIND-10920,CMA CGM,OCEAN_FREIGHT,3150.0,350.0,False,MISSING_DOCUMENTS,0.0,False,Incomplete cross-document evidence: Secondary document verification missing.
INV-BLIND-10921,Hapag-Lloyd,OCEAN_FREIGHT,3300.0,0.0,False,MISSING_DOCUMENTS,0.0,False,Immaterial variance ($0.00 < $50.00 threshold). Suppressed to avoid vendor friction.
INV-BLIND-10922,DP World Logistics,OCEAN_FREIGHT,3180.0,2250.0,False,MISSING_DOCUMENTS,0.0,False,Incomplete cross-document evidence: Secondary document verification missing.
INV-BLIND-10923,Evergreen Marine,OCEAN_FREIGHT,3050.0,0.0,False,MISSING_DOCUMENTS,0.0,False,Immaterial variance ($0.00 < $50.00 threshold). Suppressed to avoid vendor friction.
INV-BLIND-10924,MSC Mediterranean Shipping,OCEAN_FREIGHT,3100.0,0.0,False,MISSING_DOCUMENTS,0.0,False,Immaterial variance ($0.00 < $50.00 threshold). Suppressed to avoid vendor friction.
INV-BLIND-10925,ONE (Ocean Network Express),OCEAN_FREIGHT,3250.0,0.0,False,MISSING_DOCUMENTS,0.0,False,Immaterial variance ($0.00 < $50.00 threshold). Suppressed to avoid vendor friction.
INV-BLIND-10926,Maersk Line,OCEAN_FREIGHT,3200.0,0.0,False,MISSING_DOCUMENTS,0.0,False,Immaterial variance ($0.00 < $50.00 threshold). Suppressed to avoid vendor friction.
INV-BLIND-10927,CMA CGM,OCEAN_FREIGHT,3150.0,0.0,False,MISSING_DOCUMENTS,0.0,False,Immaterial variance ($0.00 < $50.00 threshold). Suppressed to avoid vendor friction.
INV-BLIND-10928,CMA CGM,OCEAN_FREIGHT,3150.0,0.0,False,MISSING_DOCUMENTS,0.0,False,Immaterial variance ($0.00 < $50.00 threshold). Suppressed to avoid vendor friction.
INV-BLIND-10929,DP World Logistics,OCEAN_FREIGHT,3180.0,360.0,False,MISSING_DOCUMENTS,0.0,False,Incomplete cross-document evidence: Secondary document verification missing.
INV-BLIND-10930,Evergreen Marine,OCEAN_FREIGHT,3050.0,0.0,False,MISSING_DOCUMENTS,0.0,False,Immaterial variance ($0.00 < $50.00 threshold). Suppressed to avoid vendor friction.
INV-BLIND-10931,CMA CGM,OCEAN_FREIGHT,3150.0,1070.0,False,MISSING_DOCUMENTS,0.0,False,Incomplete cross-document evidence: Secondary document verification missing.
INV-BLIND-10932,CMA CGM,OCEAN_FREIGHT,3150.0,2230.0,False,MISSING_DOCUMENTS,0.0,False,Incomplete cross-document evidence: Secondary document verification missing.
INV-BLIND-10933,MSC Mediterranean Shipping,OCEAN_FREIGHT,3100.0,1050.0,False,MISSING_DOCUMENTS,0.0,False,Incomplete cross-document evidence: Secondary document verification missing.
INV-BLIND-10934,DP World Logistics,OCEAN_FREIGHT,3180.0,360.0,False,MISSING_DOCUMENTS,0.0,False,Incomplete cross-document evidence: Secondary document verification missing.
INV-BLIND-10935,DP World Logistics,OCEAN_FREIGHT,3180.0,0.0,False,MISSING_DOCUMENTS,0.0,False,Immaterial variance ($0.00 < $50.00 threshold). Suppressed to avoid vendor friction.
INV-BLIND-10936,DP World Logistics,OCEAN_FREIGHT,3180.0,0.0,False,MISSING_DOCUMENTS,0.0,False,Immaterial variance ($0.00 < $50.00 threshold). Suppressed to avoid vendor friction.
INV-BLIND-10937,Maersk Line,OCEAN_FREIGHT,3200.0,0.0,False,MISSING_DOCUMENTS,0.0,False,Immaterial variance ($0.00 < $50.00 threshold). Suppressed to avoid vendor friction.
INV-BLIND-10938,MSC Mediterranean Shipping,OCEAN_FREIGHT,3100.0,2200.0,False,MISSING_DOCUMENTS,0.0,False,Incomplete cross-document evidence: Secondary document verification missing.
INV-BLIND-10939,MSC Mediterranean Shipping,OCEAN_FREIGHT,3100.0,1050.0,False,MISSING_DOCUMENTS,0.0,False,Incomplete cross-document evidence: Secondary document verification missing.
INV-BLIND-10940,ONE (Ocean Network Express),OCEAN_FREIGHT,3250.0,0.0,False,MISSING_DOCUMENTS,0.0,False,Immaterial variance ($0.00 < $50.00 threshold). Suppressed to avoid vendor friction.
INV-BLIND-10941,Evergreen Marine,OCEAN_FREIGHT,3050.0,0.0,False,MISSING_DOCUMENTS,0.0,False,Immaterial variance ($0.00 < $50.00 threshold). Suppressed to avoid vendor friction.
INV-BLIND-10942,DP World Logistics,OCEAN_FREIGHT,3180.0,0.0,False,MISSING_DOCUMENTS,0.0,False,Immaterial variance ($0.00 < $50.00 threshold). Suppressed to avoid vendor friction.
INV-BLIND-10943,DP World Logistics,OCEAN_FREIGHT,3180.0,0.0,False,MISSING_DOCUMENTS,0.0,False,Immaterial variance ($0.00 < $50.00 threshold). Suppressed to avoid vendor friction.
INV-BLIND-10944,Hapag-Lloyd,OCEAN_FREIGHT,3300.0,0.0,False,MISSING_DOCUMENTS,0.0,False,Immaterial variance ($0.00 < $50.00 threshold). Suppressed to avoid vendor friction.
INV-BLIND-10945,DP World Logistics,OCEAN_FREIGHT,3180.0,0.0,False,MISSING_DOCUMENTS,0.0,False,Immaterial variance ($0.00 < $50.00 threshold). Suppressed to avoid vendor friction.
INV-BLIND-10946,Hapag-Lloyd,OCEAN_FREIGHT,3300.0,0.0,False,MISSING_DOCUMENTS,0.0,False,Immaterial variance ($0.00 < $50.00 threshold). Suppressed to avoid vendor friction.
INV-BLIND-10947,CMA CGM,OCEAN_FREIGHT,3150.0,0.0,False,MISSING_DOCUMENTS,0.0,False,Immaterial variance ($0.00 < $50.00 threshold). Suppressed to avoid vendor friction.
INV-BLIND-10948,DP World Logistics,OCEAN_FREIGHT,3180.0,1090.0,False,MISSING_DOCUMENTS,0.0,False,Incomplete cross-document evidence: Secondary document verification missing.
INV-BLIND-10949,Evergreen Marine,OCEAN_FREIGHT,3050.0,0.0,False,MISSING_DOCUMENTS,0.0,False,Immaterial variance ($0.00 < $50.00 threshold). Suppressed to avoid vendor friction.
INV-BLIND-10950,ONE (Ocean Network Express),OCEAN_FREIGHT,3250.0,0.0,False,MISSING_DOCUMENTS,0.0,False,Immaterial variance ($0.00 < $50.00 threshold). Suppressed to avoid vendor friction.
INV-BLIND-10951,ONE (Ocean Network Express),OCEAN_FREIGHT,3250.0,0.0,False,MISSING_DOCUMENTS,0.0,False,Immaterial variance ($0.00 < $50.00 threshold). Suppressed to avoid vendor friction.
INV-BLIND-10952,Maersk Line,OCEAN_FREIGHT,3200.0,2250.0,False,MISSING_DOCUMENTS,0.0,False,Incomplete cross-document evidence: Secondary document verification missing.
INV-BLIND-10953,DP World Logistics,OCEAN_FREIGHT,3180.0,0.0,False,MISSING_DOCUMENTS,0.0,False,Immaterial variance ($0.00 < $50.00 threshold). Suppressed to avoid vendor friction.
INV-BLIND-10954,DP World Logistics,OCEAN_FREIGHT,3180.0,0.0,False,MISSING_DOCUMENTS,0.0,False,Immaterial variance ($0.00 < $50.00 threshold). Suppressed to avoid vendor friction.
INV-BLIND-10955,Hapag-Lloyd,OCEAN_FREIGHT,3300.0,1150.0,False,MISSING_DOCUMENTS,0.0,False,Incomplete cross-document evidence: Secondary document verification missing.
INV-BLIND-10956,Hapag-Lloyd,OCEAN_FREIGHT,3300.0,0.0,False,MISSING_DOCUMENTS,0.0,False,Immaterial variance ($0.00 < $50.00 threshold). Suppressed to avoid vendor friction.
INV-BLIND-10957,Maersk Line,OCEAN_FREIGHT,3200.0,2250.0,False,MISSING_DOCUMENTS,0.0,False,Incomplete cross-document evidence: Secondary document verification missing.
INV-BLIND-10958,MSC Mediterranean Shipping,OCEAN_FREIGHT,3100.0,350.0,False,MISSING_DOCUMENTS,0.0,False,Incomplete cross-document evidence: Secondary document verification missing.
INV-BLIND-10959,Evergreen Marine,OCEAN_FREIGHT,3050.0,0.0,False,MISSING_DOCUMENTS,0.0,False,Immaterial variance ($0.00 < $50.00 threshold). Suppressed to avoid vendor friction.
INV-BLIND-10960,CMA CGM,OCEAN_FREIGHT,3150.0,350.0,False,MISSING_DOCUMENTS,0.0,False,Incomplete cross-document evidence: Secondary document verification missing.
INV-BLIND-10961,Evergreen Marine,OCEAN_FREIGHT,3050.0,0.0,False,MISSING_DOCUMENTS,0.0,False,Immaterial variance ($0.00 < $50.00 threshold). Suppressed to avoid vendor friction.
INV-BLIND-10962,Hapag-Lloyd,OCEAN_FREIGHT,3300.0,0.0,False,MISSING_DOCUMENTS,0.0,False,Immaterial variance ($0.00 < $50.00 threshold). Suppressed to avoid vendor friction.
INV-BLIND-10963,CMA CGM,OCEAN_FREIGHT,3150.0,0.0,False,MISSING_DOCUMENTS,0.0,False,Immaterial variance ($0.00 < $50.00 threshold). Suppressed to avoid vendor friction.
INV-BLIND-10964,Hapag-Lloyd,OCEAN_FREIGHT,3300.0,0.0,False,MISSING_DOCUMENTS,0.0,False,Immaterial variance ($0.00 < $50.00 threshold). Suppressed to avoid vendor friction.
INV-BLIND-10965,Evergreen Marine,OCEAN_FREIGHT,3050.0,0.0,False,MISSING_DOCUMENTS,0.0,False,Immaterial variance ($0.00 < $50.00 threshold). Suppressed to avoid vendor friction.
INV-BLIND-10966,Maersk Line,OCEAN_FREIGHT,3200.0,0.0,False,MISSING_DOCUMENTS,0.0,False,Immaterial variance ($0.00 < $50.00 threshold). Suppressed to avoid vendor friction.
INV-BLIND-10967,CMA CGM,OCEAN_FREIGHT,3150.0,1070.0,False,MISSING_DOCUMENTS,0.0,False,Incomplete cross-document evidence: Secondary document verification missing.
INV-BLIND-10968,Maersk Line,OCEAN_FREIGHT,3200.0,0.0,False,MISSING_DOCUMENTS,0.0,False,Immaterial variance ($0.00 < $50.00 threshold). Suppressed to avoid vendor friction.
INV-BLIND-10969,Maersk Line,OCEAN_FREIGHT,3200.0,2250.0,False,MISSING_DOCUMENTS,0.0,False,Incomplete cross-document evidence: Secondary document verification missing.
INV-BLIND-10970,ONE (Ocean Network Express),OCEAN_FREIGHT,3250.0,0.0,False,MISSING_DOCUMENTS,0.0,False,Immaterial variance ($0.00 < $50.00 threshold). Suppressed to avoid vendor friction.
INV-BLIND-10971,Hapag-Lloyd,OCEAN_FREIGHT,3300.0,400.0,False,MISSING_DOCUMENTS,0.0,False,Incomplete cross-document evidence: Secondary document verification missing.
INV-BLIND-10972,DP World Logistics,OCEAN_FREIGHT,3180.0,0.0,False,MISSING_DOCUMENTS,0.0,False,Immaterial variance ($0.00 < $50.00 threshold). Suppressed to avoid vendor friction.
INV-BLIND-10973,CMA CGM,OCEAN_FREIGHT,3150.0,350.0,False,MISSING_DOCUMENTS,0.0,False,Incomplete cross-document evidence: Secondary document verification missing.
INV-BLIND-10974,Maersk Line,OCEAN_FREIGHT,3200.0,350.0,False,MISSING_DOCUMENTS,0.0,False,Incomplete cross-document evidence: Secondary document verification missing.
INV-BLIND-10975,ONE (Ocean Network Express),OCEAN_FREIGHT,3250.0,0.0,False,MISSING_DOCUMENTS,0.0,False,Immaterial variance ($0.00 < $50.00 threshold). Suppressed to avoid vendor friction.
INV-BLIND-10976,CMA CGM,OCEAN_FREIGHT,3150.0,0.0,False,MISSING_DOCUMENTS,0.0,False,Immaterial variance ($0.00 < $50.00 threshold). Suppressed to avoid vendor friction.
INV-BLIND-10977,ONE (Ocean Network Express),OCEAN_FREIGHT,3250.0,0.0,False,MISSING_DOCUMENTS,0.0,False,Immaterial variance ($0.00 < $50.00 threshold). Suppressed to avoid vendor friction.
INV-BLIND-10978,ONE (Ocean Network Express),OCEAN_FREIGHT,3250.0,0.0,False,MISSING_DOCUMENTS,0.0,False,Immaterial variance ($0.00 < $50.00 threshold). Suppressed to avoid vendor friction.
INV-BLIND-10979,CMA CGM,OCEAN_FREIGHT,3150.0,1070.0,False,MISSING_DOCUMENTS,0.0,False,Incomplete cross-document evidence: Secondary document verification missing.
INV-BLIND-10980,ONE (Ocean Network Express),OCEAN_FREIGHT,3250.0,0.0,False,MISSING_DOCUMENTS,0.0,False,Immaterial variance ($0.00 < $50.00 threshold). Suppressed to avoid vendor friction.
INV-BLIND-10981,Evergreen Marine,OCEAN_FREIGHT,3050.0,0.0,False,MISSING_DOCUMENTS,0.0,False,Immaterial variance ($0.00 < $50.00 threshold). Suppressed to avoid vendor friction.
INV-BLIND-10982,DP World Logistics,OCEAN_FREIGHT,3180.0,0.0,False,MISSING_DOCUMENTS,0.0,False,Immaterial variance ($0.00 < $50.00 threshold). Suppressed to avoid vendor friction.
INV-BLIND-10983,MSC Mediterranean Shipping,OCEAN_FREIGHT,3100.0,1050.0,False,MISSING_DOCUMENTS,0.0,False,Incomplete cross-document evidence: Secondary document verification missing.
INV-BLIND-10984,ONE (Ocean Network Express),OCEAN_FREIGHT,3250.0,0.0,False,MISSING_DOCUMENTS,0.0,False,Immaterial variance ($0.00 < $50.00 threshold). Suppressed to avoid vendor friction.
INV-BLIND-10985,CMA CGM,OCEAN_FREIGHT,3150.0,0.0,False,MISSING_DOCUMENTS,0.0,False,Immaterial variance ($0.00 < $50.00 threshold). Suppressed to avoid vendor friction.
INV-BLIND-10986,Hapag-Lloyd,OCEAN_FREIGHT,3300.0,0.0,False,MISSING_DOCUMENTS,0.0,False,Immaterial variance ($0.00 < $50.00 threshold). Suppressed to avoid vendor friction.
INV-BLIND-10987,DP World Logistics,OCEAN_FREIGHT,3180.0,0.0,False,MISSING_DOCUMENTS,0.0,False,Immaterial variance ($0.00 < $50.00 threshold). Suppressed to avoid vendor friction.
INV-BLIND-10988,CMA CGM,OCEAN_FREIGHT,3150.0,2230.0,False,MISSING_DOCUMENTS,0.0,False,Incomplete cross-document evidence: Secondary document verification missing.
INV-BLIND-10989,ONE (Ocean Network Express),OCEAN_FREIGHT,3250.0,0.0,False,MISSING_DOCUMENTS,0.0,False,Immaterial variance ($0.00 < $50.00 threshold). Suppressed to avoid vendor friction.
INV-BLIND-10990,MSC Mediterranean Shipping,OCEAN_FREIGHT,3100.0,1050.0,False,MISSING_DOCUMENTS,0.0,False,Incomplete cross-document evidence: Secondary document verification missing.
INV-BLIND-10991,Hapag-Lloyd,OCEAN_FREIGHT,3300.0,1150.0,False,MISSING_DOCUMENTS,0.0,False,Incomplete cross-document evidence: Secondary document verification missing.
INV-BLIND-10992,CMA CGM,OCEAN_FREIGHT,3150.0,0.0,False,MISSING_DOCUMENTS,0.0,False,Immaterial variance ($0.00 < $50.00 threshold). Suppressed to avoid vendor friction.
INV-BLIND-10993,Hapag-Lloyd,OCEAN_FREIGHT,3300.0,400.0,False,MISSING_DOCUMENTS,0.0,False,Incomplete cross-document evidence: Secondary document verification missing.
INV-BLIND-10994,MSC Mediterranean Shipping,OCEAN_FREIGHT,3100.0,350.0,False,MISSING_DOCUMENTS,0.0,False,Incomplete cross-document evidence: Secondary document verification missing.
INV-BLIND-10995,DP World Logistics,OCEAN_FREIGHT,3180.0,0.0,False,MISSING_DOCUMENTS,0.0,False,Immaterial variance ($0.00 < $50.00 threshold). Suppressed to avoid vendor friction.
INV-BLIND-10996,ONE (Ocean Network Express),OCEAN_FREIGHT,3250.0,0.0,False,MISSING_DOCUMENTS,0.0,False,Immaterial variance ($0.00 < $50.00 threshold). Suppressed to avoid vendor friction.
INV-BLIND-10997,ONE (Ocean Network Express),OCEAN_FREIGHT,3250.0,0.0,False,MISSING_DOCUMENTS,0.0,False,Immaterial variance ($0.00 < $50.00 threshold). Suppressed to avoid vendor friction.
INV-BLIND-10998,MSC Mediterranean Shipping,OCEAN_FREIGHT,3100.0,0.0,False,MISSING_DOCUMENTS,0.0,False,Immaterial variance ($0.00 < $50.00 threshold). Suppressed to avoid vendor friction.
INV-BLIND-10999,Evergreen Marine,OCEAN_FREIGHT,3050.0,0.0,False,MISSING_DOCUMENTS,0.0,False,Immaterial variance ($0.00 < $50.00 threshold). Suppressed to avoid vendor friction.
INV-BLIND-11000,ONE (Ocean Network Express),OCEAN_FREIGHT,3250.0,0.0,False,MISSING_DOCUMENTS,0.0,False,Immaterial variance ($0.00 < $50.00 threshold). Suppressed to avoid vendor friction.
INV-BLIND-11001,CMA CGM,OCEAN_FREIGHT,3650.0,1570.0,False,RATE_CARD_VARIANCE,500.0,True,Incomplete cross-document evidence: Secondary document verification missing.
INV-BLIND-11002,MSC Mediterranean Shipping,OCEAN_FREIGHT,3750.0,0.0,False,RATE_CARD_VARIANCE,650.0,True,Immaterial variance ($0.00 < $50.00 threshold). Suppressed to avoid vendor friction.
INV-BLIND-11003,CMA CGM,OCEAN_FREIGHT,3650.0,100.0,False,RATE_CARD_VARIANCE,500.0,True,Incomplete cross-document evidence: Secondary document verification missing.
INV-BLIND-11004,Hapag-Lloyd,OCEAN_FREIGHT,3800.0,0.0,False,RATE_CARD_VARIANCE,500.0,True,Immaterial variance ($0.00 < $50.00 threshold). Suppressed to avoid vendor friction.
INV-BLIND-11005,MSC Mediterranean Shipping,OCEAN_FREIGHT,3450.0,0.0,False,RATE_CARD_VARIANCE,350.0,True,Immaterial variance ($0.00 < $50.00 threshold). Suppressed to avoid vendor friction.
INV-BLIND-11006,Maersk Line,OCEAN_FREIGHT,3850.0,0.0,False,RATE_CARD_VARIANCE,650.0,True,Immaterial variance ($0.00 < $50.00 threshold). Suppressed to avoid vendor friction.
INV-BLIND-11007,Hapag-Lloyd,OCEAN_FREIGHT,3950.0,0.0,False,RATE_CARD_VARIANCE,650.0,True,Immaterial variance ($0.00 < $50.00 threshold). Suppressed to avoid vendor friction.
INV-BLIND-11008,Maersk Line,OCEAN_FREIGHT,3550.0,700.0,False,RATE_CARD_VARIANCE,350.0,True,Incomplete cross-document evidence: Secondary document verification missing.
INV-BLIND-11009,DP World Logistics,OCEAN_FREIGHT,3980.0,400.0,False,RATE_CARD_VARIANCE,800.0,True,Incomplete cross-document evidence: Secondary document verification missing.
INV-BLIND-11010,MSC Mediterranean Shipping,OCEAN_FREIGHT,3750.0,1000.0,False,RATE_CARD_VARIANCE,650.0,True,Incomplete cross-document evidence: Secondary document verification missing.
INV-BLIND-11011,Maersk Line,OCEAN_FREIGHT,4000.0,0.0,False,RATE_CARD_VARIANCE,800.0,True,Immaterial variance ($0.00 < $50.00 threshold). Suppressed to avoid vendor friction.
INV-BLIND-11012,Evergreen Marine,OCEAN_FREIGHT,3400.0,0.0,False,RATE_CARD_VARIANCE,350.0,True,Immaterial variance ($0.00 < $50.00 threshold). Suppressed to avoid vendor friction.
INV-BLIND-11013,MSC Mediterranean Shipping,OCEAN_FREIGHT,3900.0,0.0,False,RATE_CARD_VARIANCE,800.0,True,Immaterial variance ($0.00 < $50.00 threshold). Suppressed to avoid vendor friction.
INV-BLIND-11014,MSC Mediterranean Shipping,OCEAN_FREIGHT,3750.0,0.0,False,RATE_CARD_VARIANCE,650.0,True,Immaterial variance ($0.00 < $50.00 threshold). Suppressed to avoid vendor friction.
INV-BLIND-11015,Maersk Line,OCEAN_FREIGHT,3850.0,0.0,False,RATE_CARD_VARIANCE,650.0,True,Immaterial variance ($0.00 < $50.00 threshold). Suppressed to avoid vendor friction.
INV-BLIND-11016,CMA CGM,OCEAN_FREIGHT,3800.0,1720.0,False,RATE_CARD_VARIANCE,650.0,True,Incomplete cross-document evidence: Secondary document verification missing.
INV-BLIND-11017,Maersk Line,OCEAN_FREIGHT,3550.0,2600.0,False,RATE_CARD_VARIANCE,350.0,True,Incomplete cross-document evidence: Secondary document verification missing.
INV-BLIND-11018,ONE (Ocean Network Express),OCEAN_FREIGHT,3750.0,0.0,False,RATE_CARD_VARIANCE,500.0,True,Immaterial variance ($0.00 < $50.00 threshold). Suppressed to avoid vendor friction.
INV-BLIND-11019,MSC Mediterranean Shipping,OCEAN_FREIGHT,3600.0,1550.0,False,RATE_CARD_VARIANCE,500.0,True,Incomplete cross-document evidence: Secondary document verification missing.
INV-BLIND-11020,DP World Logistics,OCEAN_FREIGHT,3980.0,1890.0,False,RATE_CARD_VARIANCE,800.0,True,Incomplete cross-document evidence: Secondary document verification missing.
INV-BLIND-11021,ONE (Ocean Network Express),OCEAN_FREIGHT,3750.0,0.0,False,RATE_CARD_VARIANCE,500.0,True,Immaterial variance ($0.00 < $50.00 threshold). Suppressed to avoid vendor friction.
INV-BLIND-11022,ONE (Ocean Network Express),OCEAN_FREIGHT,3600.0,0.0,False,RATE_CARD_VARIANCE,350.0,True,Immaterial variance ($0.00 < $50.00 threshold). Suppressed to avoid vendor friction.
INV-BLIND-11023,DP World Logistics,OCEAN_FREIGHT,3680.0,860.0,False,RATE_CARD_VARIANCE,500.0,True,Incomplete cross-document evidence: Secondary document verification missing.
INV-BLIND-11024,Hapag-Lloyd,OCEAN_FREIGHT,3650.0,0.0,False,RATE_CARD_VARIANCE,350.0,True,Immaterial variance ($0.00 < $50.00 threshold). Suppressed to avoid vendor friction.
INV-BLIND-11025,CMA CGM,OCEAN_FREIGHT,3800.0,1720.0,False,RATE_CARD_VARIANCE,650.0,True,Incomplete cross-document evidence: Secondary document verification missing.
INV-BLIND-11026,CMA CGM,OCEAN_FREIGHT,3800.0,2880.0,False,RATE_CARD_VARIANCE,650.0,True,Incomplete cross-document evidence: Secondary document verification missing.
INV-BLIND-11027,Hapag-Lloyd,OCEAN_FREIGHT,3650.0,0.0,False,RATE_CARD_VARIANCE,350.0,True,Immaterial variance ($0.00 < $50.00 threshold). Suppressed to avoid vendor friction.
INV-BLIND-11028,Evergreen Marine,OCEAN_FREIGHT,3550.0,0.0,False,RATE_CARD_VARIANCE,500.0,True,Immaterial variance ($0.00 < $50.00 threshold). Suppressed to avoid vendor friction.
INV-BLIND-11029,ONE (Ocean Network Express),OCEAN_FREIGHT,3900.0,0.0,False,RATE_CARD_VARIANCE,650.0,True,Immaterial variance ($0.00 < $50.00 threshold). Suppressed to avoid vendor friction.
INV-BLIND-11030,Maersk Line,OCEAN_FREIGHT,3700.0,850.0,False,RATE_CARD_VARIANCE,500.0,True,Incomplete cross-document evidence: Secondary document verification missing.
INV-BLIND-11031,ONE (Ocean Network Express),OCEAN_FREIGHT,3750.0,0.0,False,RATE_CARD_VARIANCE,500.0,True,Immaterial variance ($0.00 < $50.00 threshold). Suppressed to avoid vendor friction.
INV-BLIND-11032,MSC Mediterranean Shipping,OCEAN_FREIGHT,3750.0,2850.0,False,RATE_CARD_VARIANCE,650.0,True,Incomplete cross-document evidence: Secondary document verification missing.
INV-BLIND-11033,Evergreen Marine,OCEAN_FREIGHT,3850.0,0.0,False,RATE_CARD_VARIANCE,800.0,True,Immaterial variance ($0.00 < $50.00 threshold). Suppressed to avoid vendor friction.
INV-BLIND-11034,Evergreen Marine,OCEAN_FREIGHT,3400.0,0.0,False,RATE_CARD_VARIANCE,350.0,True,Immaterial variance ($0.00 < $50.00 threshold). Suppressed to avoid vendor friction.
INV-BLIND-11035,Maersk Line,OCEAN_FREIGHT,3700.0,0.0,False,RATE_CARD_VARIANCE,500.0,True,Immaterial variance ($0.00 < $50.00 threshold). Suppressed to avoid vendor friction.
INV-BLIND-11036,Hapag-Lloyd,OCEAN_FREIGHT,3800.0,0.0,False,RATE_CARD_VARIANCE,500.0,True,Immaterial variance ($0.00 < $50.00 threshold). Suppressed to avoid vendor friction.
INV-BLIND-11037,Maersk Line,OCEAN_FREIGHT,3700.0,0.0,False,RATE_CARD_VARIANCE,500.0,True,Immaterial variance ($0.00 < $50.00 threshold). Suppressed to avoid vendor friction.
INV-BLIND-11038,CMA CGM,OCEAN_FREIGHT,3950.0,0.0,False,RATE_CARD_VARIANCE,800.0,True,Immaterial variance ($0.00 < $50.00 threshold). Suppressed to avoid vendor friction.
INV-BLIND-11039,Maersk Line,OCEAN_FREIGHT,4000.0,1900.0,False,RATE_CARD_VARIANCE,800.0,True,Incomplete cross-document evidence: Secondary document verification missing.
INV-BLIND-11040,MSC Mediterranean Shipping,OCEAN_FREIGHT,3750.0,1700.0,False,RATE_CARD_VARIANCE,650.0,True,Incomplete cross-document evidence: Secondary document verification missing.
INV-BLIND-11041,CMA CGM,OCEAN_FREIGHT,3500.0,0.0,False,RATE_CARD_VARIANCE,350.0,True,Immaterial variance ($0.00 < $50.00 threshold). Suppressed to avoid vendor friction.
INV-BLIND-11042,DP World Logistics,OCEAN_FREIGHT,3530.0,1440.0,False,RATE_CARD_VARIANCE,350.0,True,Incomplete cross-document evidence: Secondary document verification missing.
INV-BLIND-11043,CMA CGM,OCEAN_FREIGHT,3650.0,1570.0,False,RATE_CARD_VARIANCE,500.0,True,Incomplete cross-document evidence: Secondary document verification missing.
INV-BLIND-11044,Maersk Line,OCEAN_FREIGHT,4000.0,3050.0,False,RATE_CARD_VARIANCE,800.0,True,Incomplete cross-document evidence: Secondary document verification missing.
INV-BLIND-11045,Maersk Line,OCEAN_FREIGHT,4000.0,0.0,False,RATE_CARD_VARIANCE,800.0,True,Immaterial variance ($0.00 < $50.00 threshold). Suppressed to avoid vendor friction.
INV-BLIND-11046,ONE (Ocean Network Express),OCEAN_FREIGHT,4050.0,0.0,False,RATE_CARD_VARIANCE,800.0,True,Immaterial variance ($0.00 < $50.00 threshold). Suppressed to avoid vendor friction.
INV-BLIND-11047,MSC Mediterranean Shipping,OCEAN_FREIGHT,3450.0,1400.0,False,RATE_CARD_VARIANCE,350.0,True,Incomplete cross-document evidence: Secondary document verification missing.
INV-BLIND-11048,DP World Logistics,OCEAN_FREIGHT,3830.0,0.0,False,RATE_CARD_VARIANCE,650.0,True,Immaterial variance ($0.00 < $50.00 threshold). Suppressed to avoid vendor friction.
INV-BLIND-11049,DP World Logistics,OCEAN_FREIGHT,3530.0,0.0,False,RATE_CARD_VARIANCE,350.0,True,Immaterial variance ($0.00 < $50.00 threshold). Suppressed to avoid vendor friction.
INV-BLIND-11050,Evergreen Marine,OCEAN_FREIGHT,3550.0,0.0,False,RATE_CARD_VARIANCE,500.0,True,Immaterial variance ($0.00 < $50.00 threshold). Suppressed to avoid vendor friction.
INV-BLIND-11051,CMA CGM,OCEAN_FREIGHT,3950.0,1150.0,False,RATE_CARD_VARIANCE,800.0,True,Incomplete cross-document evidence: Secondary document verification missing.
INV-BLIND-11052,ONE (Ocean Network Express),OCEAN_FREIGHT,3600.0,0.0,False,RATE_CARD_VARIANCE,350.0,True,Immaterial variance ($0.00 < $50.00 threshold). Suppressed to avoid vendor friction.
INV-BLIND-11053,ONE (Ocean Network Express),OCEAN_FREIGHT,3600.0,0.0,False,RATE_CARD_VARIANCE,350.0,True,Immaterial variance ($0.00 < $50.00 threshold). Suppressed to avoid vendor friction.
INV-BLIND-11054,Maersk Line,OCEAN_FREIGHT,3850.0,0.0,False,RATE_CARD_VARIANCE,650.0,True,Immaterial variance ($0.00 < $50.00 threshold). Suppressed to avoid vendor friction.
INV-BLIND-11055,CMA CGM,OCEAN_FREIGHT,3650.0,1570.0,False,RATE_CARD_VARIANCE,500.0,True,Incomplete cross-document evidence: Secondary document verification missing.
INV-BLIND-11056,DP World Logistics,OCEAN_FREIGHT,3680.0,0.0,False,RATE_CARD_VARIANCE,500.0,True,Immaterial variance ($0.00 < $50.00 threshold). Suppressed to avoid vendor friction.
INV-BLIND-11057,CMA CGM,OCEAN_FREIGHT,3500.0,0.0,False,RATE_CARD_VARIANCE,350.0,True,Immaterial variance ($0.00 < $50.00 threshold). Suppressed to avoid vendor friction.
INV-BLIND-11058,DP World Logistics,OCEAN_FREIGHT,3530.0,710.0,False,RATE_CARD_VARIANCE,350.0,True,Incomplete cross-document evidence: Secondary document verification missing.
INV-BLIND-11059,CMA CGM,OCEAN_FREIGHT,3650.0,100.0,False,RATE_CARD_VARIANCE,500.0,True,Incomplete cross-document evidence: Secondary document verification missing.
INV-BLIND-11060,Maersk Line,OCEAN_FREIGHT,3850.0,0.0,False,RATE_CARD_VARIANCE,650.0,True,Immaterial variance ($0.00 < $50.00 threshold). Suppressed to avoid vendor friction.
INV-BLIND-11061,Evergreen Marine,OCEAN_FREIGHT,3850.0,0.0,False,RATE_CARD_VARIANCE,800.0,True,Immaterial variance ($0.00 < $50.00 threshold). Suppressed to avoid vendor friction.
INV-BLIND-11062,Evergreen Marine,OCEAN_FREIGHT,3550.0,0.0,False,RATE_CARD_VARIANCE,500.0,True,Immaterial variance ($0.00 < $50.00 threshold). Suppressed to avoid vendor friction.
INV-BLIND-11063,Hapag-Lloyd,OCEAN_FREIGHT,4100.0,400.0,False,RATE_CARD_VARIANCE,800.0,True,Incomplete cross-document evidence: Secondary document verification missing.
INV-BLIND-11064,Evergreen Marine,OCEAN_FREIGHT,3850.0,0.0,False,RATE_CARD_VARIANCE,800.0,True,Immaterial variance ($0.00 < $50.00 threshold). Suppressed to avoid vendor friction.
INV-BLIND-11065,Maersk Line,OCEAN_FREIGHT,3550.0,2600.0,False,RATE_CARD_VARIANCE,350.0,True,Incomplete cross-document evidence: Secondary document verification missing.
INV-BLIND-11066,ONE (Ocean Network Express),OCEAN_FREIGHT,3750.0,0.0,False,RATE_CARD_VARIANCE,500.0,True,Immaterial variance ($0.00 < $50.00 threshold). Suppressed to avoid vendor friction.
INV-BLIND-11067,MSC Mediterranean Shipping,OCEAN_FREIGHT,3900.0,0.0,False,RATE_CARD_VARIANCE,800.0,True,Immaterial variance ($0.00 < $50.00 threshold). Suppressed to avoid vendor friction.
INV-BLIND-11068,Maersk Line,OCEAN_FREIGHT,4000.0,0.0,False,RATE_CARD_VARIANCE,800.0,True,Immaterial variance ($0.00 < $50.00 threshold). Suppressed to avoid vendor friction.
INV-BLIND-11069,Evergreen Marine,OCEAN_FREIGHT,3850.0,0.0,False,RATE_CARD_VARIANCE,800.0,True,Immaterial variance ($0.00 < $50.00 threshold). Suppressed to avoid vendor friction.
INV-BLIND-11070,MSC Mediterranean Shipping,OCEAN_FREIGHT,3900.0,0.0,False,RATE_CARD_VARIANCE,800.0,True,Immaterial variance ($0.00 < $50.00 threshold). Suppressed to avoid vendor friction.
INV-BLIND-11071,Evergreen Marine,OCEAN_FREIGHT,3700.0,0.0,False,RATE_CARD_VARIANCE,650.0,True,Immaterial variance ($0.00 < $50.00 threshold). Suppressed to avoid vendor friction.
INV-BLIND-11072,Hapag-Lloyd,OCEAN_FREIGHT,3800.0,0.0,False,RATE_CARD_VARIANCE,500.0,True,Immaterial variance ($0.00 < $50.00 threshold). Suppressed to avoid vendor friction.
INV-BLIND-11073,CMA CGM,OCEAN_FREIGHT,3500.0,0.0,False,RATE_CARD_VARIANCE,350.0,True,Immaterial variance ($0.00 < $50.00 threshold). Suppressed to avoid vendor friction.
INV-BLIND-11074,ONE (Ocean Network Express),OCEAN_FREIGHT,3750.0,0.0,False,RATE_CARD_VARIANCE,500.0,True,Immaterial variance ($0.00 < $50.00 threshold). Suppressed to avoid vendor friction.
INV-BLIND-11075,ONE (Ocean Network Express),OCEAN_FREIGHT,3600.0,0.0,False,RATE_CARD_VARIANCE,350.0,True,Immaterial variance ($0.00 < $50.00 threshold). Suppressed to avoid vendor friction.
INV-BLIND-11076,Evergreen Marine,OCEAN_FREIGHT,3400.0,0.0,False,RATE_CARD_VARIANCE,350.0,True,Immaterial variance ($0.00 < $50.00 threshold). Suppressed to avoid vendor friction.
INV-BLIND-11077,CMA CGM,OCEAN_FREIGHT,3500.0,1420.0,False,RATE_CARD_VARIANCE,350.0,True,Incomplete cross-document evidence: Secondary document verification missing.
INV-BLIND-11078,MSC Mediterranean Shipping,OCEAN_FREIGHT,3750.0,1000.0,False,RATE_CARD_VARIANCE,650.0,True,Incomplete cross-document evidence: Secondary document verification missing.
INV-BLIND-11079,DP World Logistics,OCEAN_FREIGHT,3980.0,0.0,False,RATE_CARD_VARIANCE,800.0,True,Immaterial variance ($0.00 < $50.00 threshold). Suppressed to avoid vendor friction.
INV-BLIND-11080,MSC Mediterranean Shipping,OCEAN_FREIGHT,3600.0,100.0,False,RATE_CARD_VARIANCE,500.0,True,Incomplete cross-document evidence: Secondary document verification missing.
INV-BLIND-11081,Evergreen Marine,OCEAN_FREIGHT,3850.0,0.0,False,RATE_CARD_VARIANCE,800.0,True,Immaterial variance ($0.00 < $50.00 threshold). Suppressed to avoid vendor friction.
INV-BLIND-11082,Evergreen Marine,OCEAN_FREIGHT,3550.0,0.0,False,RATE_CARD_VARIANCE,500.0,True,Immaterial variance ($0.00 < $50.00 threshold). Suppressed to avoid vendor friction.
INV-BLIND-11083,DP World Logistics,OCEAN_FREIGHT,3830.0,1740.0,False,RATE_CARD_VARIANCE,650.0,True,Incomplete cross-document evidence: Secondary document verification missing.
INV-BLIND-11084,CMA CGM,OCEAN_FREIGHT,3800.0,0.0,False,RATE_CARD_VARIANCE,650.0,True,Immaterial variance ($0.00 < $50.00 threshold). Suppressed to avoid vendor friction.
INV-BLIND-11085,DP World Logistics,OCEAN_FREIGHT,3830.0,250.0,False,RATE_CARD_VARIANCE,650.0,True,Incomplete cross-document evidence: Secondary document verification missing.
INV-BLIND-11086,Evergreen Marine,OCEAN_FREIGHT,3700.0,0.0,False,RATE_CARD_VARIANCE,650.0,True,Immaterial variance ($0.00 < $50.00 threshold). Suppressed to avoid vendor friction.
INV-BLIND-11087,Hapag-Lloyd,OCEAN_FREIGHT,3650.0,0.0,False,RATE_CARD_VARIANCE,350.0,True,Immaterial variance ($0.00 < $50.00 threshold). Suppressed to avoid vendor friction.
INV-BLIND-11088,Evergreen Marine,OCEAN_FREIGHT,3400.0,0.0,False,RATE_CARD_VARIANCE,350.0,True,Immaterial variance ($0.00 < $50.00 threshold). Suppressed to avoid vendor friction.
INV-BLIND-11089,ONE (Ocean Network Express),OCEAN_FREIGHT,3750.0,0.0,False,RATE_CARD_VARIANCE,500.0,True,Immaterial variance ($0.00 < $50.00 threshold). Suppressed to avoid vendor friction.
INV-BLIND-11090,DP World Logistics,OCEAN_FREIGHT,3980.0,0.0,False,RATE_CARD_VARIANCE,800.0,True,Immaterial variance ($0.00 < $50.00 threshold). Suppressed to avoid vendor friction.
INV-BLIND-11091,Evergreen Marine,OCEAN_FREIGHT,3850.0,0.0,False,RATE_CARD_VARIANCE,800.0,True,Immaterial variance ($0.00 < $50.00 threshold). Suppressed to avoid vendor friction.
INV-BLIND-11092,DP World Logistics,OCEAN_FREIGHT,3530.0,1440.0,False,RATE_CARD_VARIANCE,350.0,True,Incomplete cross-document evidence: Secondary document verification missing.
INV-BLIND-11093,DP World Logistics,OCEAN_FREIGHT,3830.0,0.0,False,RATE_CARD_VARIANCE,650.0,True,Immaterial variance ($0.00 < $50.00 threshold). Suppressed to avoid vendor friction.
INV-BLIND-11094,ONE (Ocean Network Express),OCEAN_FREIGHT,4050.0,0.0,False,RATE_CARD_VARIANCE,800.0,True,Immaterial variance ($0.00 < $50.00 threshold). Suppressed to avoid vendor friction.
INV-BLIND-11095,Hapag-Lloyd,OCEAN_FREIGHT,3950.0,0.0,False,RATE_CARD_VARIANCE,650.0,True,Immaterial variance ($0.00 < $50.00 threshold). Suppressed to avoid vendor friction.
INV-BLIND-11096,Maersk Line,OCEAN_FREIGHT,3850.0,0.0,False,RATE_CARD_VARIANCE,650.0,True,Immaterial variance ($0.00 < $50.00 threshold). Suppressed to avoid vendor friction.
INV-BLIND-11097,MSC Mediterranean Shipping,OCEAN_FREIGHT,3750.0,1000.0,False,RATE_CARD_VARIANCE,650.0,True,Incomplete cross-document evidence: Secondary document verification missing.
INV-BLIND-11098,Maersk Line,OCEAN_FREIGHT,3550.0,0.0,False,RATE_CARD_VARIANCE,350.0,True,Immaterial variance ($0.00 < $50.00 threshold). Suppressed to avoid vendor friction.
INV-BLIND-11099,Evergreen Marine,OCEAN_FREIGHT,3850.0,0.0,False,RATE_CARD_VARIANCE,800.0,True,Immaterial variance ($0.00 < $50.00 threshold). Suppressed to avoid vendor friction.
INV-BLIND-11100,Maersk Line,OCEAN_FREIGHT,3700.0,100.0,False,RATE_CARD_VARIANCE,500.0,True,Incomplete cross-document evidence: Secondary document verification missing.
INV-BLIND-11101,CMA CGM,DEMURRAGE,900.0,900.0,True,DEMURRAGE_OVERCHARGE,900.0,True,"Dispute meets materiality, cross-document evidence, and counter-risk thresholds."
INV-BLIND-11102,Hapag-Lloyd,DEMURRAGE,900.0,900.0,True,DEMURRAGE_OVERCHARGE,900.0,True,"Dispute meets materiality, cross-document evidence, and counter-risk thresholds."
INV-BLIND-11103,DP World Logistics,DEMURRAGE,900.0,900.0,True,DEMURRAGE_OVERCHARGE,900.0,True,"Dispute meets materiality, cross-document evidence, and counter-risk thresholds."
INV-BLIND-11104,DP World Logistics,DEMURRAGE,900.0,900.0,True,DEMURRAGE_OVERCHARGE,900.0,True,"Dispute meets materiality, cross-document evidence, and counter-risk thresholds."
INV-BLIND-11105,Hapag-Lloyd,DEMURRAGE,900.0,900.0,True,DEMURRAGE_OVERCHARGE,900.0,True,"Dispute meets materiality, cross-document evidence, and counter-risk thresholds."
INV-BLIND-11106,CMA CGM,DEMURRAGE,900.0,900.0,True,DEMURRAGE_OVERCHARGE,900.0,True,"Dispute meets materiality, cross-document evidence, and counter-risk thresholds."
INV-BLIND-11107,Maersk Line,DEMURRAGE,900.0,900.0,True,DEMURRAGE_OVERCHARGE,900.0,True,"Dispute meets materiality, cross-document evidence, and counter-risk thresholds."
INV-BLIND-11108,DP World Logistics,DEMURRAGE,900.0,900.0,True,DEMURRAGE_OVERCHARGE,900.0,True,"Dispute meets materiality, cross-document evidence, and counter-risk thresholds."
INV-BLIND-11109,MSC Mediterranean Shipping,DEMURRAGE,840.0,840.0,True,DEMURRAGE_OVERCHARGE,840.0,True,"Dispute meets materiality, cross-document evidence, and counter-risk thresholds."
INV-BLIND-11110,DP World Logistics,DEMURRAGE,900.0,900.0,True,DEMURRAGE_OVERCHARGE,900.0,True,"Dispute meets materiality, cross-document evidence, and counter-risk thresholds."
INV-BLIND-11111,Maersk Line,DEMURRAGE,900.0,900.0,True,DEMURRAGE_OVERCHARGE,900.0,True,"Dispute meets materiality, cross-document evidence, and counter-risk thresholds."
INV-BLIND-11112,CMA CGM,DEMURRAGE,900.0,900.0,True,DEMURRAGE_OVERCHARGE,900.0,True,"Dispute meets materiality, cross-document evidence, and counter-risk thresholds."
INV-BLIND-11113,CMA CGM,DEMURRAGE,900.0,900.0,True,DEMURRAGE_OVERCHARGE,900.0,True,"Dispute meets materiality, cross-document evidence, and counter-risk thresholds."
INV-BLIND-11114,DP World Logistics,DEMURRAGE,900.0,900.0,True,DEMURRAGE_OVERCHARGE,900.0,True,"Dispute meets materiality, cross-document evidence, and counter-risk thresholds."
INV-BLIND-11115,Maersk Line,DEMURRAGE,900.0,900.0,True,DEMURRAGE_OVERCHARGE,900.0,True,"Dispute meets materiality, cross-document evidence, and counter-risk thresholds."
INV-BLIND-11116,CMA CGM,DEMURRAGE,900.0,900.0,True,DEMURRAGE_OVERCHARGE,900.0,True,"Dispute meets materiality, cross-document evidence, and counter-risk thresholds."
INV-BLIND-11117,Hapag-Lloyd,DEMURRAGE,900.0,900.0,True,DEMURRAGE_OVERCHARGE,900.0,True,"Dispute meets materiality, cross-document evidence, and counter-risk thresholds."
INV-BLIND-11118,DP World Logistics,DEMURRAGE,900.0,900.0,True,DEMURRAGE_OVERCHARGE,900.0,True,"Dispute meets materiality, cross-document evidence, and counter-risk thresholds."
INV-BLIND-11119,DP World Logistics,DEMURRAGE,900.0,900.0,True,DEMURRAGE_OVERCHARGE,900.0,True,"Dispute meets materiality, cross-document evidence, and counter-risk thresholds."
INV-BLIND-11120,DP World Logistics,DEMURRAGE,900.0,900.0,True,DEMURRAGE_OVERCHARGE,900.0,True,"Dispute meets materiality, cross-document evidence, and counter-risk thresholds."
INV-BLIND-11121,MSC Mediterranean Shipping,DEMURRAGE,840.0,840.0,True,DEMURRAGE_OVERCHARGE,840.0,True,"Dispute meets materiality, cross-document evidence, and counter-risk thresholds."
INV-BLIND-11122,DP World Logistics,DEMURRAGE,900.0,900.0,True,DEMURRAGE_OVERCHARGE,900.0,True,"Dispute meets materiality, cross-document evidence, and counter-risk thresholds."
INV-BLIND-11123,Hapag-Lloyd,DEMURRAGE,900.0,900.0,True,DEMURRAGE_OVERCHARGE,900.0,True,"Dispute meets materiality, cross-document evidence, and counter-risk thresholds."
INV-BLIND-11124,MSC Mediterranean Shipping,DEMURRAGE,840.0,840.0,True,DEMURRAGE_OVERCHARGE,840.0,True,"Dispute meets materiality, cross-document evidence, and counter-risk thresholds."
INV-BLIND-11125,DP World Logistics,DEMURRAGE,900.0,900.0,True,DEMURRAGE_OVERCHARGE,900.0,True,"Dispute meets materiality, cross-document evidence, and counter-risk thresholds."
INV-BLIND-11126,MSC Mediterranean Shipping,DEMURRAGE,840.0,840.0,True,DEMURRAGE_OVERCHARGE,840.0,True,"Dispute meets materiality, cross-document evidence, and counter-risk thresholds."
INV-BLIND-11127,CMA CGM,DEMURRAGE,900.0,900.0,True,DEMURRAGE_OVERCHARGE,900.0,True,"Dispute meets materiality, cross-document evidence, and counter-risk thresholds."
INV-BLIND-11128,CMA CGM,DEMURRAGE,900.0,900.0,True,DEMURRAGE_OVERCHARGE,900.0,True,"Dispute meets materiality, cross-document evidence, and counter-risk thresholds."
INV-BLIND-11129,Maersk Line,DEMURRAGE,900.0,900.0,True,DEMURRAGE_OVERCHARGE,900.0,True,"Dispute meets materiality, cross-document evidence, and counter-risk thresholds."
INV-BLIND-11130,Hapag-Lloyd,DEMURRAGE,900.0,900.0,True,DEMURRAGE_OVERCHARGE,900.0,True,"Dispute meets materiality, cross-document evidence, and counter-risk thresholds."
INV-BLIND-11131,MSC Mediterranean Shipping,DEMURRAGE,840.0,840.0,True,DEMURRAGE_OVERCHARGE,840.0,True,"Dispute meets materiality, cross-document evidence, and counter-risk thresholds."
INV-BLIND-11132,Maersk Line,DEMURRAGE,900.0,900.0,True,DEMURRAGE_OVERCHARGE,900.0,True,"Dispute meets materiality, cross-document evidence, and counter-risk thresholds."
INV-BLIND-11133,Hapag-Lloyd,DEMURRAGE,900.0,900.0,True,DEMURRAGE_OVERCHARGE,900.0,True,"Dispute meets materiality, cross-document evidence, and counter-risk thresholds."
INV-BLIND-11134,CMA CGM,DEMURRAGE,900.0,900.0,True,DEMURRAGE_OVERCHARGE,900.0,True,"Dispute meets materiality, cross-document evidence, and counter-risk thresholds."
INV-BLIND-11135,Hapag-Lloyd,DEMURRAGE,900.0,900.0,True,DEMURRAGE_OVERCHARGE,900.0,True,"Dispute meets materiality, cross-document evidence, and counter-risk thresholds."
INV-BLIND-11136,Maersk Line,DEMURRAGE,900.0,900.0,True,DEMURRAGE_OVERCHARGE,900.0,True,"Dispute meets materiality, cross-document evidence, and counter-risk thresholds."
INV-BLIND-11137,DP World Logistics,DEMURRAGE,900.0,900.0,True,DEMURRAGE_OVERCHARGE,900.0,True,"Dispute meets materiality, cross-document evidence, and counter-risk thresholds."
INV-BLIND-11138,Maersk Line,DEMURRAGE,900.0,900.0,True,DEMURRAGE_OVERCHARGE,900.0,True,"Dispute meets materiality, cross-document evidence, and counter-risk thresholds."
INV-BLIND-11139,MSC Mediterranean Shipping,DEMURRAGE,840.0,840.0,True,DEMURRAGE_OVERCHARGE,840.0,True,"Dispute meets materiality, cross-document evidence, and counter-risk thresholds."
INV-BLIND-11140,CMA CGM,DEMURRAGE,900.0,900.0,True,DEMURRAGE_OVERCHARGE,900.0,True,"Dispute meets materiality, cross-document evidence, and counter-risk thresholds."
INV-BLIND-11141,Maersk Line,DEMURRAGE,900.0,900.0,True,DEMURRAGE_OVERCHARGE,900.0,True,"Dispute meets materiality, cross-document evidence, and counter-risk thresholds."
INV-BLIND-11142,DP World Logistics,DEMURRAGE,900.0,900.0,True,DEMURRAGE_OVERCHARGE,900.0,True,"Dispute meets materiality, cross-document evidence, and counter-risk thresholds."
INV-BLIND-11143,DP World Logistics,DEMURRAGE,900.0,900.0,True,DEMURRAGE_OVERCHARGE,900.0,True,"Dispute meets materiality, cross-document evidence, and counter-risk thresholds."
INV-BLIND-11144,DP World Logistics,DEMURRAGE,900.0,900.0,True,DEMURRAGE_OVERCHARGE,900.0,True,"Dispute meets materiality, cross-document evidence, and counter-risk thresholds."
INV-BLIND-11145,DP World Logistics,DEMURRAGE,900.0,900.0,True,DEMURRAGE_OVERCHARGE,900.0,True,"Dispute meets materiality, cross-document evidence, and counter-risk thresholds."
INV-BLIND-11146,Hapag-Lloyd,DEMURRAGE,900.0,900.0,True,DEMURRAGE_OVERCHARGE,900.0,True,"Dispute meets materiality, cross-document evidence, and counter-risk thresholds."
INV-BLIND-11147,CMA CGM,DEMURRAGE,900.0,900.0,True,DEMURRAGE_OVERCHARGE,900.0,True,"Dispute meets materiality, cross-document evidence, and counter-risk thresholds."
INV-BLIND-11148,MSC Mediterranean Shipping,DEMURRAGE,840.0,840.0,True,DEMURRAGE_OVERCHARGE,840.0,True,"Dispute meets materiality, cross-document evidence, and counter-risk thresholds."
INV-BLIND-11149,Hapag-Lloyd,DEMURRAGE,900.0,900.0,True,DEMURRAGE_OVERCHARGE,900.0,True,"Dispute meets materiality, cross-document evidence, and counter-risk thresholds."
INV-BLIND-11150,Hapag-Lloyd,DEMURRAGE,900.0,900.0,True,DEMURRAGE_OVERCHARGE,900.0,True,"Dispute meets materiality, cross-document evidence, and counter-risk thresholds."
INV-BLIND-11151,Hapag-Lloyd,DEMURRAGE,750.0,0.0,False,LEGITIMATE_CUSTOMS_HOLD,0.0,False,Immaterial variance ($0.00 < $50.00 threshold). Suppressed to avoid vendor friction.
INV-BLIND-11152,MSC Mediterranean Shipping,DEMURRAGE,700.0,140.0,False,LEGITIMATE_CUSTOMS_HOLD,0.0,False,High Invalidation Risk: Port recorded active customs inspection hold. Recommend internal operations check before disputing.
INV-BLIND-11153,CMA CGM,DEMURRAGE,750.0,25.0,False,LEGITIMATE_CUSTOMS_HOLD,0.0,False,Immaterial variance ($25.00 < $50.00 threshold). Suppressed to avoid vendor friction.
INV-BLIND-11154,CMA CGM,DEMURRAGE,750.0,25.0,False,LEGITIMATE_CUSTOMS_HOLD,0.0,False,Immaterial variance ($25.00 < $50.00 threshold). Suppressed to avoid vendor friction.
INV-BLIND-11155,Hapag-Lloyd,DEMURRAGE,750.0,0.0,False,LEGITIMATE_CUSTOMS_HOLD,0.0,False,Immaterial variance ($0.00 < $50.00 threshold). Suppressed to avoid vendor friction.
INV-BLIND-11156,Maersk Line,DEMURRAGE,750.0,0.0,False,LEGITIMATE_CUSTOMS_HOLD,0.0,False,Immaterial variance ($0.00 < $50.00 threshold). Suppressed to avoid vendor friction.
INV-BLIND-11157,DP World Logistics,DEMURRAGE,750.0,150.0,False,LEGITIMATE_CUSTOMS_HOLD,0.0,False,High Invalidation Risk: Port recorded active customs inspection hold. Recommend internal operations check before disputing.
INV-BLIND-11158,Maersk Line,DEMURRAGE,750.0,0.0,False,LEGITIMATE_CUSTOMS_HOLD,0.0,False,Immaterial variance ($0.00 < $50.00 threshold). Suppressed to avoid vendor friction.
INV-BLIND-11159,Maersk Line,DEMURRAGE,750.0,0.0,False,LEGITIMATE_CUSTOMS_HOLD,0.0,False,Immaterial variance ($0.00 < $50.00 threshold). Suppressed to avoid vendor friction.
INV-BLIND-11160,CMA CGM,DEMURRAGE,750.0,25.0,False,LEGITIMATE_CUSTOMS_HOLD,0.0,False,Immaterial variance ($25.00 < $50.00 threshold). Suppressed to avoid vendor friction.
INV-BLIND-11161,Maersk Line,DEMURRAGE,750.0,0.0,False,LEGITIMATE_CUSTOMS_HOLD,0.0,False,Immaterial variance ($0.00 < $50.00 threshold). Suppressed to avoid vendor friction.
INV-BLIND-11162,DP World Logistics,DEMURRAGE,750.0,150.0,False,LEGITIMATE_CUSTOMS_HOLD,0.0,False,High Invalidation Risk: Port recorded active customs inspection hold. Recommend internal operations check before disputing.
INV-BLIND-11163,Maersk Line,DEMURRAGE,750.0,0.0,False,LEGITIMATE_CUSTOMS_HOLD,0.0,False,Immaterial variance ($0.00 < $50.00 threshold). Suppressed to avoid vendor friction.
INV-BLIND-11164,MSC Mediterranean Shipping,DEMURRAGE,700.0,140.0,False,LEGITIMATE_CUSTOMS_HOLD,0.0,False,High Invalidation Risk: Port recorded active customs inspection hold. Recommend internal operations check before disputing.
INV-BLIND-11165,Hapag-Lloyd,DEMURRAGE,750.0,0.0,False,LEGITIMATE_CUSTOMS_HOLD,0.0,False,Immaterial variance ($0.00 < $50.00 threshold). Suppressed to avoid vendor friction.
INV-BLIND-11166,MSC Mediterranean Shipping,DEMURRAGE,700.0,140.0,False,LEGITIMATE_CUSTOMS_HOLD,0.0,False,High Invalidation Risk: Port recorded active customs inspection hold. Recommend internal operations check before disputing.
INV-BLIND-11167,DP World Logistics,DEMURRAGE,750.0,150.0,False,LEGITIMATE_CUSTOMS_HOLD,0.0,False,High Invalidation Risk: Port recorded active customs inspection hold. Recommend internal operations check before disputing.
INV-BLIND-11168,DP World Logistics,DEMURRAGE,750.0,150.0,False,LEGITIMATE_CUSTOMS_HOLD,0.0,False,High Invalidation Risk: Port recorded active customs inspection hold. Recommend internal operations check before disputing.
INV-BLIND-11169,MSC Mediterranean Shipping,DEMURRAGE,700.0,140.0,False,LEGITIMATE_CUSTOMS_HOLD,0.0,False,High Invalidation Risk: Port recorded active customs inspection hold. Recommend internal operations check before disputing.
INV-BLIND-11170,Hapag-Lloyd,DEMURRAGE,750.0,0.0,False,LEGITIMATE_CUSTOMS_HOLD,0.0,False,Immaterial variance ($0.00 < $50.00 threshold). Suppressed to avoid vendor friction.
INV-BLIND-11171,DP World Logistics,DEMURRAGE,750.0,150.0,False,LEGITIMATE_CUSTOMS_HOLD,0.0,False,High Invalidation Risk: Port recorded active customs inspection hold. Recommend internal operations check before disputing.
INV-BLIND-11172,MSC Mediterranean Shipping,DEMURRAGE,700.0,140.0,False,LEGITIMATE_CUSTOMS_HOLD,0.0,False,High Invalidation Risk: Port recorded active customs inspection hold. Recommend internal operations check before disputing.
INV-BLIND-11173,Hapag-Lloyd,DEMURRAGE,750.0,0.0,False,LEGITIMATE_CUSTOMS_HOLD,0.0,False,Immaterial variance ($0.00 < $50.00 threshold). Suppressed to avoid vendor friction.
INV-BLIND-11174,DP World Logistics,DEMURRAGE,750.0,150.0,False,LEGITIMATE_CUSTOMS_HOLD,0.0,False,High Invalidation Risk: Port recorded active customs inspection hold. Recommend internal operations check before disputing.
INV-BLIND-11175,CMA CGM,DEMURRAGE,750.0,25.0,False,LEGITIMATE_CUSTOMS_HOLD,0.0,False,Immaterial variance ($25.00 < $50.00 threshold). Suppressed to avoid vendor friction.
INV-BLIND-11176,Maersk Line,DEMURRAGE,750.0,0.0,False,LEGITIMATE_CUSTOMS_HOLD,0.0,False,Immaterial variance ($0.00 < $50.00 threshold). Suppressed to avoid vendor friction.
INV-BLIND-11177,MSC Mediterranean Shipping,DEMURRAGE,700.0,140.0,False,LEGITIMATE_CUSTOMS_HOLD,0.0,False,High Invalidation Risk: Port recorded active customs inspection hold. Recommend internal operations check before disputing.
INV-BLIND-11178,MSC Mediterranean Shipping,DEMURRAGE,700.0,140.0,False,LEGITIMATE_CUSTOMS_HOLD,0.0,False,High Invalidation Risk: Port recorded active customs inspection hold. Recommend internal operations check before disputing.
INV-BLIND-11179,DP World Logistics,DEMURRAGE,750.0,150.0,False,LEGITIMATE_CUSTOMS_HOLD,0.0,False,High Invalidation Risk: Port recorded active customs inspection hold. Recommend internal operations check before disputing.
INV-BLIND-11180,DP World Logistics,DEMURRAGE,750.0,150.0,False,LEGITIMATE_CUSTOMS_HOLD,0.0,False,High Invalidation Risk: Port recorded active customs inspection hold. Recommend internal operations check before disputing.
INV-BLIND-11181,Maersk Line,DEMURRAGE,750.0,0.0,False,LEGITIMATE_CUSTOMS_HOLD,0.0,False,Immaterial variance ($0.00 < $50.00 threshold). Suppressed to avoid vendor friction.
INV-BLIND-11182,Hapag-Lloyd,DEMURRAGE,750.0,0.0,False,LEGITIMATE_CUSTOMS_HOLD,0.0,False,Immaterial variance ($0.00 < $50.00 threshold). Suppressed to avoid vendor friction.
INV-BLIND-11183,MSC Mediterranean Shipping,DEMURRAGE,700.0,140.0,False,LEGITIMATE_CUSTOMS_HOLD,0.0,False,High Invalidation Risk: Port recorded active customs inspection hold. Recommend internal operations check before disputing.
INV-BLIND-11184,DP World Logistics,DEMURRAGE,750.0,150.0,False,LEGITIMATE_CUSTOMS_HOLD,0.0,False,High Invalidation Risk: Port recorded active customs inspection hold. Recommend internal operations check before disputing.
INV-BLIND-11185,Hapag-Lloyd,DEMURRAGE,750.0,0.0,False,LEGITIMATE_CUSTOMS_HOLD,0.0,False,Immaterial variance ($0.00 < $50.00 threshold). Suppressed to avoid vendor friction.
INV-BLIND-11186,Maersk Line,DEMURRAGE,750.0,0.0,False,LEGITIMATE_CUSTOMS_HOLD,0.0,False,Immaterial variance ($0.00 < $50.00 threshold). Suppressed to avoid vendor friction.
INV-BLIND-11187,MSC Mediterranean Shipping,DEMURRAGE,700.0,140.0,False,LEGITIMATE_CUSTOMS_HOLD,0.0,False,High Invalidation Risk: Port recorded active customs inspection hold. Recommend internal operations check before disputing.
INV-BLIND-11188,DP World Logistics,DEMURRAGE,750.0,150.0,False,LEGITIMATE_CUSTOMS_HOLD,0.0,False,High Invalidation Risk: Port recorded active customs inspection hold. Recommend internal operations check before disputing.
INV-BLIND-11189,CMA CGM,DEMURRAGE,750.0,25.0,False,LEGITIMATE_CUSTOMS_HOLD,0.0,False,Immaterial variance ($25.00 < $50.00 threshold). Suppressed to avoid vendor friction.
INV-BLIND-11190,MSC Mediterranean Shipping,DEMURRAGE,700.0,140.0,False,LEGITIMATE_CUSTOMS_HOLD,0.0,False,High Invalidation Risk: Port recorded active customs inspection hold. Recommend internal operations check before disputing.
INV-BLIND-11191,Hapag-Lloyd,DEMURRAGE,750.0,0.0,False,LEGITIMATE_CUSTOMS_HOLD,0.0,False,Immaterial variance ($0.00 < $50.00 threshold). Suppressed to avoid vendor friction.
INV-BLIND-11192,CMA CGM,DEMURRAGE,750.0,25.0,False,LEGITIMATE_CUSTOMS_HOLD,0.0,False,Immaterial variance ($25.00 < $50.00 threshold). Suppressed to avoid vendor friction.
INV-BLIND-11193,DP World Logistics,DEMURRAGE,750.0,150.0,False,LEGITIMATE_CUSTOMS_HOLD,0.0,False,High Invalidation Risk: Port recorded active customs inspection hold. Recommend internal operations check before disputing.
INV-BLIND-11194,DP World Logistics,DEMURRAGE,750.0,150.0,False,LEGITIMATE_CUSTOMS_HOLD,0.0,False,High Invalidation Risk: Port recorded active customs inspection hold. Recommend internal operations check before disputing.
INV-BLIND-11195,CMA CGM,DEMURRAGE,750.0,25.0,False,LEGITIMATE_CUSTOMS_HOLD,0.0,False,Immaterial variance ($25.00 < $50.00 threshold). Suppressed to avoid vendor friction.
INV-BLIND-11196,MSC Mediterranean Shipping,DEMURRAGE,700.0,140.0,False,LEGITIMATE_CUSTOMS_HOLD,0.0,False,High Invalidation Risk: Port recorded active customs inspection hold. Recommend internal operations check before disputing.
INV-BLIND-11197,Hapag-Lloyd,DEMURRAGE,750.0,0.0,False,LEGITIMATE_CUSTOMS_HOLD,0.0,False,Immaterial variance ($0.00 < $50.00 threshold). Suppressed to avoid vendor friction.
INV-BLIND-11198,MSC Mediterranean Shipping,DEMURRAGE,700.0,140.0,False,LEGITIMATE_CUSTOMS_HOLD,0.0,False,High Invalidation Risk: Port recorded active customs inspection hold. Recommend internal operations check before disputing.
INV-BLIND-11199,CMA CGM,DEMURRAGE,750.0,25.0,False,LEGITIMATE_CUSTOMS_HOLD,0.0,False,Immaterial variance ($25.00 < $50.00 threshold). Suppressed to avoid vendor friction.
INV-BLIND-11200,CMA CGM,DEMURRAGE,750.0,25.0,False,LEGITIMATE_CUSTOMS_HOLD,0.0,False,Immaterial variance ($25.00 < $50.00 threshold). Suppressed to avoid vendor friction.
INV-BLIND-11201,Maersk Line,VESSEL_CHARTER,75000.0,0.0,False,HIGH_VALUE_CHARTER,0.0,False,Immaterial variance ($0.00 < $50.00 threshold). Suppressed to avoid vendor friction.
INV-BLIND-11202,MSC Mediterranean Shipping,VESSEL_CHARTER,120000.0,0.0,False,HIGH_VALUE_CHARTER,0.0,False,Immaterial variance ($0.00 < $50.00 threshold). Suppressed to avoid vendor friction.
INV-BLIND-11203,MSC Mediterranean Shipping,VESSEL_CHARTER,75000.0,0.0,False,HIGH_VALUE_CHARTER,0.0,False,Immaterial variance ($0.00 < $50.00 threshold). Suppressed to avoid vendor friction.
INV-BLIND-11204,CMA CGM,VESSEL_CHARTER,250000.0,0.0,False,HIGH_VALUE_CHARTER,0.0,False,Immaterial variance ($0.00 < $50.00 threshold). Suppressed to avoid vendor friction.
INV-BLIND-11205,Hapag-Lloyd,VESSEL_CHARTER,250000.0,0.0,False,HIGH_VALUE_CHARTER,0.0,False,Immaterial variance ($0.00 < $50.00 threshold). Suppressed to avoid vendor friction.
INV-BLIND-11206,Maersk Line,VESSEL_CHARTER,250000.0,0.0,False,HIGH_VALUE_CHARTER,0.0,False,Immaterial variance ($0.00 < $50.00 threshold). Suppressed to avoid vendor friction.
INV-BLIND-11207,CMA CGM,VESSEL_CHARTER,75000.0,0.0,False,HIGH_VALUE_CHARTER,0.0,False,Immaterial variance ($0.00 < $50.00 threshold). Suppressed to avoid vendor friction.
INV-BLIND-11208,Maersk Line,VESSEL_CHARTER,250000.0,0.0,False,HIGH_VALUE_CHARTER,0.0,False,Immaterial variance ($0.00 < $50.00 threshold). Suppressed to avoid vendor friction.
INV-BLIND-11209,CMA CGM,VESSEL_CHARTER,380000.0,0.0,False,HIGH_VALUE_CHARTER,0.0,False,Immaterial variance ($0.00 < $50.00 threshold). Suppressed to avoid vendor friction.
INV-BLIND-11210,Hapag-Lloyd,VESSEL_CHARTER,380000.0,0.0,False,HIGH_VALUE_CHARTER,0.0,False,Immaterial variance ($0.00 < $50.00 threshold). Suppressed to avoid vendor friction.
INV-BLIND-11211,CMA CGM,VESSEL_CHARTER,380000.0,0.0,False,HIGH_VALUE_CHARTER,0.0,False,Immaterial variance ($0.00 < $50.00 threshold). Suppressed to avoid vendor friction.
INV-BLIND-11212,MSC Mediterranean Shipping,VESSEL_CHARTER,380000.0,0.0,False,HIGH_VALUE_CHARTER,0.0,False,Immaterial variance ($0.00 < $50.00 threshold). Suppressed to avoid vendor friction.
INV-BLIND-11213,DP World Logistics,VESSEL_CHARTER,75000.0,0.0,False,HIGH_VALUE_CHARTER,0.0,False,Immaterial variance ($0.00 < $50.00 threshold). Suppressed to avoid vendor friction.
INV-BLIND-11214,Maersk Line,VESSEL_CHARTER,250000.0,0.0,False,HIGH_VALUE_CHARTER,0.0,False,Immaterial variance ($0.00 < $50.00 threshold). Suppressed to avoid vendor friction.
INV-BLIND-11215,DP World Logistics,VESSEL_CHARTER,250000.0,0.0,False,HIGH_VALUE_CHARTER,0.0,False,Immaterial variance ($0.00 < $50.00 threshold). Suppressed to avoid vendor friction.
INV-BLIND-11216,Hapag-Lloyd,VESSEL_CHARTER,75000.0,0.0,False,HIGH_VALUE_CHARTER,0.0,False,Immaterial variance ($0.00 < $50.00 threshold). Suppressed to avoid vendor friction.
INV-BLIND-11217,CMA CGM,VESSEL_CHARTER,250000.0,0.0,False,HIGH_VALUE_CHARTER,0.0,False,Immaterial variance ($0.00 < $50.00 threshold). Suppressed to avoid vendor friction.
INV-BLIND-11218,DP World Logistics,VESSEL_CHARTER,250000.0,0.0,False,HIGH_VALUE_CHARTER,0.0,False,Immaterial variance ($0.00 < $50.00 threshold). Suppressed to avoid vendor friction.
INV-BLIND-11219,CMA CGM,VESSEL_CHARTER,380000.0,0.0,False,HIGH_VALUE_CHARTER,0.0,False,Immaterial variance ($0.00 < $50.00 threshold). Suppressed to avoid vendor friction.
INV-BLIND-11220,MSC Mediterranean Shipping,VESSEL_CHARTER,380000.0,0.0,False,HIGH_VALUE_CHARTER,0.0,False,Immaterial variance ($0.00 < $50.00 threshold). Suppressed to avoid vendor friction.
INV-BLIND-11221,CMA CGM,VESSEL_CHARTER,120000.0,0.0,False,HIGH_VALUE_CHARTER,0.0,False,Immaterial variance ($0.00 < $50.00 threshold). Suppressed to avoid vendor friction.
INV-BLIND-11222,MSC Mediterranean Shipping,VESSEL_CHARTER,120000.0,0.0,False,HIGH_VALUE_CHARTER,0.0,False,Immaterial variance ($0.00 < $50.00 threshold). Suppressed to avoid vendor friction.
INV-BLIND-11223,Hapag-Lloyd,VESSEL_CHARTER,75000.0,0.0,False,HIGH_VALUE_CHARTER,0.0,False,Immaterial variance ($0.00 < $50.00 threshold). Suppressed to avoid vendor friction.
INV-BLIND-11224,DP World Logistics,VESSEL_CHARTER,380000.0,0.0,False,HIGH_VALUE_CHARTER,0.0,False,Immaterial variance ($0.00 < $50.00 threshold). Suppressed to avoid vendor friction.
INV-BLIND-11225,Maersk Line,VESSEL_CHARTER,75000.0,0.0,False,HIGH_VALUE_CHARTER,0.0,False,Immaterial variance ($0.00 < $50.00 threshold). Suppressed to avoid vendor friction.
INV-BLIND-11226,MSC Mediterranean Shipping,VESSEL_CHARTER,120000.0,0.0,False,HIGH_VALUE_CHARTER,0.0,False,Immaterial variance ($0.00 < $50.00 threshold). Suppressed to avoid vendor friction.
INV-BLIND-11227,MSC Mediterranean Shipping,VESSEL_CHARTER,75000.0,0.0,False,HIGH_VALUE_CHARTER,0.0,False,Immaterial variance ($0.00 < $50.00 threshold). Suppressed to avoid vendor friction.
INV-BLIND-11228,DP World Logistics,VESSEL_CHARTER,380000.0,0.0,False,HIGH_VALUE_CHARTER,0.0,False,Immaterial variance ($0.00 < $50.00 threshold). Suppressed to avoid vendor friction.
INV-BLIND-11229,MSC Mediterranean Shipping,VESSEL_CHARTER,75000.0,0.0,False,HIGH_VALUE_CHARTER,0.0,False,Immaterial variance ($0.00 < $50.00 threshold). Suppressed to avoid vendor friction.
INV-BLIND-11230,Hapag-Lloyd,VESSEL_CHARTER,380000.0,0.0,False,HIGH_VALUE_CHARTER,0.0,False,Immaterial variance ($0.00 < $50.00 threshold). Suppressed to avoid vendor friction.
INV-BLIND-11231,MSC Mediterranean Shipping,VESSEL_CHARTER,75000.0,0.0,False,HIGH_VALUE_CHARTER,0.0,False,Immaterial variance ($0.00 < $50.00 threshold). Suppressed to avoid vendor friction.
INV-BLIND-11232,CMA CGM,VESSEL_CHARTER,250000.0,0.0,False,HIGH_VALUE_CHARTER,0.0,False,Immaterial variance ($0.00 < $50.00 threshold). Suppressed to avoid vendor friction.
INV-BLIND-11233,Maersk Line,VESSEL_CHARTER,120000.0,0.0,False,HIGH_VALUE_CHARTER,0.0,False,Immaterial variance ($0.00 < $50.00 threshold). Suppressed to avoid vendor friction.
INV-BLIND-11234,MSC Mediterranean Shipping,VESSEL_CHARTER,120000.0,0.0,False,HIGH_VALUE_CHARTER,0.0,False,Immaterial variance ($0.00 < $50.00 threshold). Suppressed to avoid vendor friction.
INV-BLIND-11235,Hapag-Lloyd,VESSEL_CHARTER,120000.0,0.0,False,HIGH_VALUE_CHARTER,0.0,False,Immaterial variance ($0.00 < $50.00 threshold). Suppressed to avoid vendor friction.
INV-BLIND-11236,CMA CGM,VESSEL_CHARTER,120000.0,0.0,False,HIGH_VALUE_CHARTER,0.0,False,Immaterial variance ($0.00 < $50.00 threshold). Suppressed to avoid vendor friction.
INV-BLIND-11237,MSC Mediterranean Shipping,VESSEL_CHARTER,380000.0,0.0,False,HIGH_VALUE_CHARTER,0.0,False,Immaterial variance ($0.00 < $50.00 threshold). Suppressed to avoid vendor friction.
INV-BLIND-11238,DP World Logistics,VESSEL_CHARTER,380000.0,0.0,False,HIGH_VALUE_CHARTER,0.0,False,Immaterial variance ($0.00 < $50.00 threshold). Suppressed to avoid vendor friction.
INV-BLIND-11239,DP World Logistics,VESSEL_CHARTER,250000.0,0.0,False,HIGH_VALUE_CHARTER,0.0,False,Immaterial variance ($0.00 < $50.00 threshold). Suppressed to avoid vendor friction.
INV-BLIND-11240,Maersk Line,VESSEL_CHARTER,75000.0,0.0,False,HIGH_VALUE_CHARTER,0.0,False,Immaterial variance ($0.00 < $50.00 threshold). Suppressed to avoid vendor friction.
INV-BLIND-11241,Hapag-Lloyd,VESSEL_CHARTER,120000.0,0.0,False,HIGH_VALUE_CHARTER,0.0,False,Immaterial variance ($0.00 < $50.00 threshold). Suppressed to avoid vendor friction.
INV-BLIND-11242,Hapag-Lloyd,VESSEL_CHARTER,250000.0,0.0,False,HIGH_VALUE_CHARTER,0.0,False,Immaterial variance ($0.00 < $50.00 threshold). Suppressed to avoid vendor friction.
INV-BLIND-11243,Maersk Line,VESSEL_CHARTER,380000.0,0.0,False,HIGH_VALUE_CHARTER,0.0,False,Immaterial variance ($0.00 < $50.00 threshold). Suppressed to avoid vendor friction.
INV-BLIND-11244,Maersk Line,VESSEL_CHARTER,250000.0,0.0,False,HIGH_VALUE_CHARTER,0.0,False,Immaterial variance ($0.00 < $50.00 threshold). Suppressed to avoid vendor friction.
INV-BLIND-11245,MSC Mediterranean Shipping,VESSEL_CHARTER,380000.0,0.0,False,HIGH_VALUE_CHARTER,0.0,False,Immaterial variance ($0.00 < $50.00 threshold). Suppressed to avoid vendor friction.
INV-BLIND-11246,DP World Logistics,VESSEL_CHARTER,380000.0,0.0,False,HIGH_VALUE_CHARTER,0.0,False,Immaterial variance ($0.00 < $50.00 threshold). Suppressed to avoid vendor friction.
INV-BLIND-11247,MSC Mediterranean Shipping,VESSEL_CHARTER,120000.0,0.0,False,HIGH_VALUE_CHARTER,0.0,False,Immaterial variance ($0.00 < $50.00 threshold). Suppressed to avoid vendor friction.
INV-BLIND-11248,Hapag-Lloyd,VESSEL_CHARTER,380000.0,0.0,False,HIGH_VALUE_CHARTER,0.0,False,Immaterial variance ($0.00 < $50.00 threshold). Suppressed to avoid vendor friction.
INV-BLIND-11249,CMA CGM,VESSEL_CHARTER,380000.0,0.0,False,HIGH_VALUE_CHARTER,0.0,False,Immaterial variance ($0.00 < $50.00 threshold). Suppressed to avoid vendor friction.
INV-BLIND-11250,CMA CGM,VESSEL_CHARTER,120000.0,0.0,False,HIGH_VALUE_CHARTER,0.0,False,Immaterial variance ($0.00 < $50.00 threshold). Suppressed to avoid vendor friction.
INV-BLIND-11251,Maersk Line,TERMINAL_HANDLING,332.5,12.5,False,IMMATERIAL_VARIANCE,12.5,False,Immaterial variance ($12.50 < $50.00 threshold). Suppressed to avoid vendor friction.
INV-BLIND-11252,CMA CGM,TERMINAL_HANDLING,344.0,29.0,False,IMMATERIAL_VARIANCE,24.0,False,Immaterial variance ($29.00 < $50.00 threshold). Suppressed to avoid vendor friction.
INV-BLIND-11253,DP World Logistics,TERMINAL_HANDLING,367.5,67.5,False,IMMATERIAL_VARIANCE,47.5,False,Incomplete cross-document evidence: Secondary document verification missing.
INV-BLIND-11254,CMA CGM,TERMINAL_HANDLING,332.5,17.5,False,IMMATERIAL_VARIANCE,12.5,False,Immaterial variance ($17.50 < $50.00 threshold). Suppressed to avoid vendor friction.
INV-BLIND-11255,DP World Logistics,TERMINAL_HANDLING,332.5,32.5,False,IMMATERIAL_VARIANCE,12.5,False,Immaterial variance ($32.50 < $50.00 threshold). Suppressed to avoid vendor friction.
INV-BLIND-11256,CMA CGM,TERMINAL_HANDLING,332.5,17.5,False,IMMATERIAL_VARIANCE,12.5,False,Immaterial variance ($17.50 < $50.00 threshold). Suppressed to avoid vendor friction.
INV-BLIND-11257,DP World Logistics,TERMINAL_HANDLING,344.0,44.0,False,IMMATERIAL_VARIANCE,24.0,False,Immaterial variance ($44.00 < $50.00 threshold). Suppressed to avoid vendor friction.
INV-BLIND-11258,MSC Mediterranean Shipping,TERMINAL_HANDLING,332.5,22.5,False,IMMATERIAL_VARIANCE,12.5,False,Immaterial variance ($22.50 < $50.00 threshold). Suppressed to avoid vendor friction.
INV-BLIND-11259,Maersk Line,TERMINAL_HANDLING,358.0,38.0,False,IMMATERIAL_VARIANCE,38.0,False,Immaterial variance ($38.00 < $50.00 threshold). Suppressed to avoid vendor friction.
INV-BLIND-11260,MSC Mediterranean Shipping,TERMINAL_HANDLING,344.0,34.0,False,IMMATERIAL_VARIANCE,24.0,False,Immaterial variance ($34.00 < $50.00 threshold). Suppressed to avoid vendor friction.
INV-BLIND-11261,DP World Logistics,TERMINAL_HANDLING,332.5,32.5,False,IMMATERIAL_VARIANCE,12.5,False,Immaterial variance ($32.50 < $50.00 threshold). Suppressed to avoid vendor friction.
INV-BLIND-11262,CMA CGM,TERMINAL_HANDLING,332.5,17.5,False,IMMATERIAL_VARIANCE,12.5,False,Immaterial variance ($17.50 < $50.00 threshold). Suppressed to avoid vendor friction.
INV-BLIND-11263,MSC Mediterranean Shipping,TERMINAL_HANDLING,367.5,57.5,False,IMMATERIAL_VARIANCE,47.5,False,Incomplete cross-document evidence: Secondary document verification missing.
INV-BLIND-11264,Maersk Line,TERMINAL_HANDLING,367.5,47.5,False,IMMATERIAL_VARIANCE,47.5,False,Immaterial variance ($47.50 < $50.00 threshold). Suppressed to avoid vendor friction.
INV-BLIND-11265,CMA CGM,TERMINAL_HANDLING,332.5,17.5,False,IMMATERIAL_VARIANCE,12.5,False,Immaterial variance ($17.50 < $50.00 threshold). Suppressed to avoid vendor friction.
INV-BLIND-11266,DP World Logistics,TERMINAL_HANDLING,358.0,58.0,False,IMMATERIAL_VARIANCE,38.0,False,Incomplete cross-document evidence: Secondary document verification missing.
INV-BLIND-11267,Hapag-Lloyd,TERMINAL_HANDLING,344.0,14.0,False,IMMATERIAL_VARIANCE,24.0,False,Immaterial variance ($14.00 < $50.00 threshold). Suppressed to avoid vendor friction.
INV-BLIND-11268,DP World Logistics,TERMINAL_HANDLING,367.5,67.5,False,IMMATERIAL_VARIANCE,47.5,False,Incomplete cross-document evidence: Secondary document verification missing.
INV-BLIND-11269,MSC Mediterranean Shipping,TERMINAL_HANDLING,344.0,34.0,False,IMMATERIAL_VARIANCE,24.0,False,Immaterial variance ($34.00 < $50.00 threshold). Suppressed to avoid vendor friction.
INV-BLIND-11270,Maersk Line,TERMINAL_HANDLING,332.5,12.5,False,IMMATERIAL_VARIANCE,12.5,False,Immaterial variance ($12.50 < $50.00 threshold). Suppressed to avoid vendor friction.
INV-BLIND-11271,MSC Mediterranean Shipping,TERMINAL_HANDLING,344.0,34.0,False,IMMATERIAL_VARIANCE,24.0,False,Immaterial variance ($34.00 < $50.00 threshold). Suppressed to avoid vendor friction.
INV-BLIND-11272,DP World Logistics,TERMINAL_HANDLING,358.0,58.0,False,IMMATERIAL_VARIANCE,38.0,False,Incomplete cross-document evidence: Secondary document verification missing.
INV-BLIND-11273,Hapag-Lloyd,TERMINAL_HANDLING,344.0,14.0,False,IMMATERIAL_VARIANCE,24.0,False,Immaterial variance ($14.00 < $50.00 threshold). Suppressed to avoid vendor friction.
INV-BLIND-11274,Maersk Line,TERMINAL_HANDLING,344.0,24.0,False,IMMATERIAL_VARIANCE,24.0,False,Immaterial variance ($24.00 < $50.00 threshold). Suppressed to avoid vendor friction.
INV-BLIND-11275,DP World Logistics,TERMINAL_HANDLING,358.0,58.0,False,IMMATERIAL_VARIANCE,38.0,False,Incomplete cross-document evidence: Secondary document verification missing.
INV-BLIND-11276,DP World Logistics,TERMINAL_HANDLING,367.5,67.5,False,IMMATERIAL_VARIANCE,47.5,False,Incomplete cross-document evidence: Secondary document verification missing.
INV-BLIND-11277,Hapag-Lloyd,TERMINAL_HANDLING,358.0,28.0,False,IMMATERIAL_VARIANCE,38.0,False,Immaterial variance ($28.00 < $50.00 threshold). Suppressed to avoid vendor friction.
INV-BLIND-11278,MSC Mediterranean Shipping,TERMINAL_HANDLING,344.0,34.0,False,IMMATERIAL_VARIANCE,24.0,False,Immaterial variance ($34.00 < $50.00 threshold). Suppressed to avoid vendor friction.
INV-BLIND-11279,DP World Logistics,TERMINAL_HANDLING,344.0,44.0,False,IMMATERIAL_VARIANCE,24.0,False,Immaterial variance ($44.00 < $50.00 threshold). Suppressed to avoid vendor friction.
INV-BLIND-11280,MSC Mediterranean Shipping,TERMINAL_HANDLING,332.5,22.5,False,IMMATERIAL_VARIANCE,12.5,False,Immaterial variance ($22.50 < $50.00 threshold). Suppressed to avoid vendor friction.
INV-BLIND-11281,CMA CGM,TERMINAL_HANDLING,344.0,29.0,False,IMMATERIAL_VARIANCE,24.0,False,Immaterial variance ($29.00 < $50.00 threshold). Suppressed to avoid vendor friction.
INV-BLIND-11282,Maersk Line,TERMINAL_HANDLING,344.0,24.0,False,IMMATERIAL_VARIANCE,24.0,False,Immaterial variance ($24.00 < $50.00 threshold). Suppressed to avoid vendor friction.
INV-BLIND-11283,Maersk Line,TERMINAL_HANDLING,367.5,47.5,False,IMMATERIAL_VARIANCE,47.5,False,Immaterial variance ($47.50 < $50.00 threshold). Suppressed to avoid vendor friction.
INV-BLIND-11284,CMA CGM,TERMINAL_HANDLING,367.5,52.5,False,IMMATERIAL_VARIANCE,47.5,False,Incomplete cross-document evidence: Secondary document verification missing.
INV-BLIND-11285,CMA CGM,TERMINAL_HANDLING,344.0,29.0,False,IMMATERIAL_VARIANCE,24.0,False,Immaterial variance ($29.00 < $50.00 threshold). Suppressed to avoid vendor friction.
INV-BLIND-11286,Maersk Line,TERMINAL_HANDLING,332.5,12.5,False,IMMATERIAL_VARIANCE,12.5,False,Immaterial variance ($12.50 < $50.00 threshold). Suppressed to avoid vendor friction.
INV-BLIND-11287,Maersk Line,TERMINAL_HANDLING,358.0,38.0,False,IMMATERIAL_VARIANCE,38.0,False,Immaterial variance ($38.00 < $50.00 threshold). Suppressed to avoid vendor friction.
INV-BLIND-11288,DP World Logistics,TERMINAL_HANDLING,367.5,67.5,False,IMMATERIAL_VARIANCE,47.5,False,Incomplete cross-document evidence: Secondary document verification missing.
INV-BLIND-11289,Maersk Line,TERMINAL_HANDLING,332.5,12.5,False,IMMATERIAL_VARIANCE,12.5,False,Immaterial variance ($12.50 < $50.00 threshold). Suppressed to avoid vendor friction.
INV-BLIND-11290,MSC Mediterranean Shipping,TERMINAL_HANDLING,344.0,34.0,False,IMMATERIAL_VARIANCE,24.0,False,Immaterial variance ($34.00 < $50.00 threshold). Suppressed to avoid vendor friction.
INV-BLIND-11291,Maersk Line,TERMINAL_HANDLING,344.0,24.0,False,IMMATERIAL_VARIANCE,24.0,False,Immaterial variance ($24.00 < $50.00 threshold). Suppressed to avoid vendor friction.
INV-BLIND-11292,MSC Mediterranean Shipping,TERMINAL_HANDLING,358.0,48.0,False,IMMATERIAL_VARIANCE,38.0,False,Immaterial variance ($48.00 < $50.00 threshold). Suppressed to avoid vendor friction.
INV-BLIND-11293,Maersk Line,TERMINAL_HANDLING,332.5,12.5,False,IMMATERIAL_VARIANCE,12.5,False,Immaterial variance ($12.50 < $50.00 threshold). Suppressed to avoid vendor friction.
INV-BLIND-11294,DP World Logistics,TERMINAL_HANDLING,367.5,67.5,False,IMMATERIAL_VARIANCE,47.5,False,Incomplete cross-document evidence: Secondary document verification missing.
INV-BLIND-11295,MSC Mediterranean Shipping,TERMINAL_HANDLING,344.0,34.0,False,IMMATERIAL_VARIANCE,24.0,False,Immaterial variance ($34.00 < $50.00 threshold). Suppressed to avoid vendor friction.
INV-BLIND-11296,Hapag-Lloyd,TERMINAL_HANDLING,332.5,2.5,False,IMMATERIAL_VARIANCE,12.5,False,Immaterial variance ($2.50 < $50.00 threshold). Suppressed to avoid vendor friction.
INV-BLIND-11297,Maersk Line,TERMINAL_HANDLING,332.5,12.5,False,IMMATERIAL_VARIANCE,12.5,False,Immaterial variance ($12.50 < $50.00 threshold). Suppressed to avoid vendor friction.
INV-BLIND-11298,Hapag-Lloyd,TERMINAL_HANDLING,344.0,14.0,False,IMMATERIAL_VARIANCE,24.0,False,Immaterial variance ($14.00 < $50.00 threshold). Suppressed to avoid vendor friction.
INV-BLIND-11299,Hapag-Lloyd,TERMINAL_HANDLING,367.5,37.5,False,IMMATERIAL_VARIANCE,47.5,False,Immaterial variance ($37.50 < $50.00 threshold). Suppressed to avoid vendor friction.
INV-BLIND-11300,DP World Logistics,TERMINAL_HANDLING,367.5,67.5,False,IMMATERIAL_VARIANCE,47.5,False,Incomplete cross-document evidence: Secondary document verification missing.
